id,Name,Email,Status
1,鍾思妍,uMgod32569@test.mail.com,active
2,洪建宏,DxFWu11638@csie.mail.com,active
3,韓麗芬,tFOtu89738@im.mail.com,active
4,魏建輝,rYysm19373@random.mail.org,active
5,吳淑芬,tfHfu04462@test.mail.com,active
6,邱麗華,LhVCl84298@test.mail.com,active
7,蔡家瑋,UwjyS30085@example.com,active
8,趙秀玲,umbIQ59336@im.mail.com,active
9,賴冠霖,OaJIM02780@random.mail.org,active
10,李秀芳,fsHXF86315@csie.mail.com,active
11,曾國強,zLUdB73720@example.com,active
12,金美琳,wQZJY63948@im.mail.com,active
13,余秀英,iZlEA42473@csie.mail.com,active
14,楊建志,Zyekp39899@test.mail.com,active
15,曹秀文,quoMJ66216@csie.mail.com,banned
16,鄭宜芳,sCPXO01230@random.mail.org,active
17,郭志誠,cqpjm96513@test.mail.com,active
18,洪振華,IqSBB93935@test.mail.com,active
19,岳宜芳,eYZmj22086@test.mail.com,active
20,曾美琳,QGNFY06743@random.mail.org,active
21,孫志宇,ahtiB32888@im.mail.com,active
22,韓勝文,eVfrn67650@example.com,active
23,郭心儀,QFrcP00140@im.mail.com,active
24,傅怡靜,ukGQH03505@example.com,active
25,邱志勇,EVjSN22164@im.mail.com,active
26,王志明,UFRzu54936@example.com,active
27,金美琪,ngrcQ61171@im.mail.com,deleted
28,田雅婷,HQrxg89092@csie.mail.com,deleted
29,陳偉倫,EvXsE98661@random.mail.org,active
30,方若瑄,nLIIp03260@im.mail.com,deleted
31,蘇國華,MMJWA17341@csie.mail.com,active
32,李宏傑,VuZmU93910@random.mail.org,active
33,劉德明,zAJaR20717@test.mail.com,active
34,宋淑珍,gCoOf00933@example.com,active
35,黃勝文,AABWE92453@random.mail.org,active
36,劉智豪,WogNx45298@random.mail.org,active
37,楊淑慧,LzhCq89153@csie.mail.com,active
38,謝心儀,JaJfF84660@random.mail.org,active
39,岳志勇,UfYhT23450@example.com,active
40,魏淑華,MIlSD63194@test.mail.com,deleted
41,洪宜芳,iklqT55596@im.mail.com,active
42,葉雅玲,oNyEK60668@example.com,active
43,魏志傑,qxQaV03539@random.mail.org,deleted
44,郭振華,DOhzx27992@test.mail.com,active
45,馬秀芳,gpmuC87520@im.mail.com,active
46,張書瑋,vyGgI49413@random.mail.org,active
47,田麗萍,kPaQw59820@csie.mail.com,active
48,楊美琳,GzLEx76893@im.mail.com,active
49,楊佳蓉,LwVAw35022@random.mail.org,active
50,江智勇,wuavA64681@csie.mail.com,active
51,楊志傑,YXQOr22835@csie.mail.com,active
52,柯志華,zevLq46401@csie.mail.com,active
53,謝書瑋,HVXST14788@test.mail.com,active
54,彭明樺,uzjLq54810@csie.mail.com,active
55,丁冠瑋,XeMxh35513@test.mail.com,active
56,范書瑋,mhoNh46559@im.mail.com,active
57,田建輝,ahooy21959@csie.mail.com,active
58,孫欣儀,sYkHG06421@test.mail.com,active
59,張玉君,ZEraE12991@random.mail.org,deleted
60,鄭志華,tXDeL12133@random.mail.org,active
61,潘佳蓉,jRHYa67458@example.com,banned
62,葉思穎,rBsQh86727@csie.mail.com,active
63,韓麗芬,kSchF86141@example.com,active
64,袁志宇,eQApV94541@random.mail.org,active
65,賴國華,EHYpI57545@im.mail.com,active
66,楊雅玲,IwVRh47357@im.mail.com,active
67,劉志峰,XcRyo96223@example.com,active
68,楊勝文,lhvja34819@test.mail.com,active
69,蘇志威,DIaJz32794@test.mail.com,active
70,江志新,MXBva16916@random.mail.org,active
71,許佩玲,vHEpq92689@im.mail.com,active
72,丁惠美,VKUNg02089@csie.mail.com,active
73,余秀芳,ZtsNX66787@csie.mail.com,active
74,洪宜芳,nsxNS23397@im.mail.com,active
75,郭婉婷,pqRIj16654@test.mail.com,active
76,宋怡伶,diKpl05567@random.mail.org,active
77,蘇志勇,ReRnr27567@random.mail.org,active
78,許志華,nQUMa78035@im.mail.com,active
79,馬建銘,Xcayw32066@random.mail.org,active
80,許俊宏,gXusi14933@test.mail.com,active
81,金家豪,oiWvY78913@csie.mail.com,active
82,呂宏志,yRWvf66108@example.com,deleted
83,江文豪,vExst90219@im.mail.com,active
84,楊佳慧,TZGxT77964@test.mail.com,active
85,蔡雅萍,NfDbR89039@example.com,active
86,余淑華,YfpZQ59722@im.mail.com,active
87,馬冠瑋,GMhJG90245@random.mail.org,active
88,韓建輝,HJrCT04321@random.mail.org,active
89,許淑芬,VhqjM78875@random.mail.org,active
90,柯秀英,dKoYY73931@test.mail.com,active
91,楊智勇,HeGKD13432@random.mail.org,active
92,范文傑,XLRJf08237@im.mail.com,active
93,方建銘,SuknU38477@im.mail.com,active
94,吳建宇,QsgCJ51029@csie.mail.com,active
95,丁國基,KbYym68609@csie.mail.com,active
96,王思妍,cxama28734@example.com,active
97,潘家豪,rcoHA85661@random.mail.org,active
98,楊俊宏,CALox90103@random.mail.org,active
99,鄭俊宏,CTJAn53575@im.mail.com,active
100,邱冠瑋,iaIeJ99468@csie.mail.com,banned
101,金思妍,vteuX06966@csie.mail.com,active
102,賴雅玲,lJbOk80646@example.com,active
103,宋淑慧,DLFTS72378@im.mail.com,active
104,丁振華,Ctilo13292@random.mail.org,active
105,曾志成,MBmaR81575@test.mail.com,active
106,謝淑芬,JtpFe31595@csie.mail.com,active
107,楊國強,ytwPX88101@test.mail.com,active
108,周怡靜,ZMqMf45689@test.mail.com,active
109,馬淑華,GPuwk37425@im.mail.com,active
110,金俊傑,oRAcL26332@random.mail.org,active
111,余怡華,NCShI28421@csie.mail.com,active
112,程秀芳,yzCzy45819@im.mail.com,active
113,蔡宏志,UPmSg00753@test.mail.com,deleted
114,張智豪,XpxvY02523@im.mail.com,banned
115,楊麗芬,lgMdD46728@example.com,active
116,江智翔,BWYoV65605@im.mail.com,active
117,陳怡君,ZAjit74988@csie.mail.com,active
118,王靜宜,IVjfN45096@random.mail.org,active
119,周俊宏,Ewhjy13705@im.mail.com,deleted
120,袁志華,uZKeK55390@csie.mail.com,active
121,蘇智翔,QvNOC52750@im.mail.com,active
122,鍾婉婷,OdXum37428@random.mail.org,active
123,沈志勇,YLrbW31049@im.mail.com,active
124,楊淑慧,xHgLu15104@random.mail.org,active
125,趙志傑,DQxbP41085@example.com,banned
126,王冠霖,AYZnV91957@test.mail.com,active
127,韓美瑜,oZhAB44670@im.mail.com,active
128,曾雅文,uAKQP68864@test.mail.com,active
129,田建志,Arftm22225@random.mail.org,active
130,吳志明,xzGAE25423@csie.mail.com,active
131,許玉君,wmhkG35706@im.mail.com,active
132,王志堅,uqFqg57217@example.com,active
133,丁志華,gbeBG04283@test.mail.com,active
134,曾志豪,vUMVM20068@random.mail.org,active
135,丁建宇,fvfYU83224@random.mail.org,active
136,田若瑄,SOWSi64023@example.com,active
137,林冠宇,quWeH17404@csie.mail.com,active
138,郭淑芬,efQTm93705@csie.mail.com,active
139,邱佳雯,iJxpQ21852@random.mail.org,deleted
140,傅佩玲,WTPKe91292@test.mail.com,active
141,傅宜芳,pfJDg32864@example.com,active
142,曹冠宇,HAoiA69373@random.mail.org,active
143,蔡怡欣,bcNHX30835@im.mail.com,active
144,劉冠霖,WkOzy49233@test.mail.com,active
145,彭建銘,TsXQI99910@random.mail.org,deleted
146,楊若瑄,YrtEj17846@csie.mail.com,active
147,范智豪,exFil01755@test.mail.com,active
148,呂雅文,CErOG03112@csie.mail.com,active
149,鍾宜萱,sLyeG80860@test.mail.com,active
150,蔡志勳,odOWI39690@example.com,active
151,洪佳蓉,hhIWh02539@csie.mail.com,active
152,張惠美,yLDln89880@example.com,active
153,賴秀英,iODIk89613@test.mail.com,banned
154,王書瑋,eiSqq73156@test.mail.com,active
155,丁淑慧,fzzBQ21955@test.mail.com,active
156,李建宇,SIhuc23806@example.com,active
157,魏志遠,RkCSK94967@csie.mail.com,active
158,白志成,fwyhv75537@random.mail.org,active
159,葉美霞,Bgejo38770@test.mail.com,active
160,孫志峰,vpGdf21803@test.mail.com,active
161,李思穎,IAxRm76805@im.mail.com,active
162,彭志新,qbuJT96888@example.com,deleted
163,潘志遠,YTaoQ45897@im.mail.com,active
164,田振華,lfbRE61083@im.mail.com,active
165,陳明杰,nhrxh70867@test.mail.com,active
166,李志峰,ELoLp58374@random.mail.org,active
167,韓勝傑,kSFhg97234@test.mail.com,active
168,余秀玲,eECnl57043@test.mail.com,deleted
169,蘇曉婷,urARF56439@csie.mail.com,active
170,陳文豪,OOmyI21712@im.mail.com,active
171,黃建宇,WqJvx83568@random.mail.org,active
172,魏宜萱,OzoMa33713@example.com,active
173,賴雅文,nmrdN41943@test.mail.com,active
174,洪怡君,kDUkj49019@csie.mail.com,active
175,郭秀文,prueu15755@im.mail.com,active
176,邱偉倫,WwCsh18746@example.com,active
177,楊建宏,ZePzq76404@csie.mail.com,active
178,趙若瑄,EBEPC04089@test.mail.com,active
179,柯美瑜,vPuWr26230@im.mail.com,active
180,楊雅文,qsxda50386@test.mail.com,active
181,白雅萍,SsQCA68681@csie.mail.com,active
182,許秀玲,RwwrE43019@csie.mail.com,active
183,范心儀,cBtca39675@random.mail.org,active
184,李怡君,VjETG45639@test.mail.com,active
185,謝明樺,ulIoC74093@example.com,active
186,周勝傑,JsXWm72814@im.mail.com,active
187,李明杰,DOYeP95120@example.com,active
188,洪勝傑,REkqJ74737@random.mail.org,active
189,楊明樺,NeuMZ58886@example.com,active
190,范建宇,BbArZ03578@random.mail.org,active
191,陳志勇,zLekD78510@im.mail.com,active
192,方淑珍,uxgQj58841@csie.mail.com,active
193,劉秀英,DOZht71229@random.mail.org,active
194,韓宜芳,YBdfd46581@csie.mail.com,active
195,潘佩玲,XFXwr48397@example.com,deleted
196,田思穎,vAopZ14748@csie.mail.com,active
197,吳淑娟,fJxIl57862@im.mail.com,active
198,蘇美霞,BRhiI92685@test.mail.com,banned
199,楊佳慧,aIJPP73758@im.mail.com,active
200,郭國華,KxoIC84988@test.mail.com,active
201,曾振華,AiLNe45142@csie.mail.com,active
202,田雅玲,cvbVv14791@random.mail.org,active
203,傅冠宇,msJFq49485@random.mail.org,active
204,潘建宏,UwEae91904@example.com,active
205,余怡君,EbwiF79359@csie.mail.com,active
206,邱建銘,VQYap02633@example.com,active
207,許志明,WwExZ05645@csie.mail.com,active
208,邱秀玲,glVjy91584@csie.mail.com,active
209,胡志成,FLLXu55614@test.mail.com,active
210,鍾怡君,CgoBW27856@test.mail.com,active
211,賴淑芬,rWqvT08895@im.mail.com,active
212,張麗芬,ztFlg62354@im.mail.com,active
213,鄭冠瑋,oSkTc18898@im.mail.com,active
214,馬國華,xYEuo04131@random.mail.org,active
215,江宏傑,JRKUf34997@example.com,active
216,楊書瑋,vObpi96362@example.com,active
217,曾怡君,kluoI73015@test.mail.com,active
218,黃怡華,KQRKA04648@random.mail.org,active
219,曹建銘,dvGwf08640@random.mail.org,active
220,彭建志,vTCGd18646@im.mail.com,deleted
221,曾美瑜,IpCXB95155@random.mail.org,active
222,張智翔,sDVRy16110@random.mail.org,active
223,黃宜芳,alEWV04795@im.mail.com,active
224,謝志明,mRxxx49677@test.mail.com,active
225,田建銘,corwj06776@test.mail.com,active
226,鍾志成,WgmuF07437@test.mail.com,active
227,鍾勝文,DdEdd33453@csie.mail.com,active
228,蘇書瑋,vHgMN05957@csie.mail.com,active
229,柯宜芳,pwaCa54217@test.mail.com,active
230,趙淑娟,EnUdv63496@csie.mail.com,active
231,方惠美,UwBkK35137@test.mail.com,active
232,曹勝文,sfAOM03337@im.mail.com,active
233,趙智勇,knBqw02176@csie.mail.com,active
234,趙建宏,ungGV23702@test.mail.com,active
235,楊美惠,uEfIH89786@example.com,active
236,鍾文豪,MXzgp37728@csie.mail.com,active
237,廖佳雯,pOxzy53455@test.mail.com,banned
238,曹怡君,eFHaN11487@im.mail.com,active
239,黃怡華,TOVlM73086@test.mail.com,active
240,邱秀芳,YyzjF92849@example.com,active
241,余美玲,dMOoA32973@im.mail.com,active
242,胡志勇,KKGzI06373@random.mail.org,active
243,程冠宇,KJJAZ54149@im.mail.com,active
244,楊志豪,fhAEs62006@csie.mail.com,active
245,周雅文,MmgIZ96891@csie.mail.com,active
246,韓佩雯,HpxIY05313@csie.mail.com,active
247,邱嘉豪,nqsTb52325@csie.mail.com,active
248,楊美琪,WVGGR04620@csie.mail.com,active
249,趙雅玲,EujGl65504@random.mail.org,active
250,洪志峰,fwwXZ24008@test.mail.com,banned
251,邱明樺,cIscP98232@im.mail.com,active
252,彭怡華,rZPML84275@random.mail.org,active
253,趙怡伶,Uyayn52736@csie.mail.com,active
254,郭嘉豪,yolPO40935@example.com,active
255,丁志堅,kXNHE95751@im.mail.com,active
256,陳建宇,MQXhE91268@random.mail.org,active
257,宋冠宇,ODWXI02791@csie.mail.com,active
258,田志華,IptYt69001@random.mail.org,active
259,李佩雯,GLCsQ47440@csie.mail.com,active
260,楊秀芳,JpCZg85022@im.mail.com,active
261,劉志誠,xcRBB77564@random.mail.org,active
262,陳淑慧,GiMWu02387@test.mail.com,active
263,劉俊傑,vbCHh23460@test.mail.com,active
264,曹美霞,nYKkM35836@im.mail.com,active
265,趙智翔,yWMzK13495@im.mail.com,active
266,鄭麗萍,JAwVl73333@im.mail.com,active
267,江美琪,uHBEH01875@example.com,active
268,吳淑慧,zVOUc37010@csie.mail.com,active
269,郭建國,HpMJo78505@example.com,active
270,馬靜宜,FiDar02572@csie.mail.com,active
271,鄭雅萍,OzSNA70260@im.mail.com,active
272,謝文豪,uAkBK78301@csie.mail.com,active
273,余書瑋,gPfXw67836@example.com,active
274,呂淑娟,ZHsEI16366@random.mail.org,active
275,岳志威,tezIO02825@csie.mail.com,active
276,郭文豪,HLKPk12735@im.mail.com,active
277,陳雅雯,Pbaea44093@example.com,active
278,王建國,RwdrF67024@example.com,active
279,曾冠瑋,zZFMn22392@random.mail.org,active
280,賴勝文,nxPGg16438@example.com,deleted
281,袁怡欣,dPubW92641@random.mail.org,active
282,楊婉婷,YeDCa29274@example.com,active
283,韓心儀,zJzgY61147@im.mail.com,active
284,林雅玲,xADwu78089@random.mail.org,active
285,蔡勝傑,ZftAu38832@csie.mail.com,active
286,趙宏傑,GjCza64983@im.mail.com,active
287,丁國基,FuVvJ56924@random.mail.org,active
288,田志誠,Ltpwq28122@random.mail.org,active
289,田文豪,IzRjE42006@csie.mail.com,active
290,田怡伶,eaCRb47021@csie.mail.com,active
291,廖志誠,CNofQ46392@test.mail.com,active
292,江偉倫,IXSTX66278@random.mail.org,active
293,黃玉芬,KMvZo77224@example.com,deleted
294,呂美惠,AYauR15460@random.mail.org,active
295,吳文傑,YOluo13212@im.mail.com,active
296,方玉君,irQkk97354@test.mail.com,active
297,鄭玉珍,Hcode40587@example.com,active
298,張志勳,SuAMN54889@csie.mail.com,active
299,彭心儀,hjMLi47969@csie.mail.com,active
300,楊家瑋,RngQG93080@example.com,active
301,郭俊宏,eRWpx02493@random.mail.org,active
302,郭家瑋,NdouB33414@csie.mail.com,active
303,許建宏,WlXYw50583@test.mail.com,active
304,袁秀文,JEcSZ85555@test.mail.com,active
305,丁書瑋,dlFfV76618@example.com,active
306,吳冠瑋,ltCeB51106@im.mail.com,active
307,江文豪,jOfEd42002@csie.mail.com,deleted
308,謝怡靜,qlOGJ25736@test.mail.com,active
309,楊怡君,bBoXF05831@test.mail.com,active
310,柯明杰,xfIsq89987@example.com,deleted
311,馬志傑,pOybz35662@im.mail.com,active
312,魏麗芬,zcJhW44400@test.mail.com,active
313,曾志威,AkYos53351@im.mail.com,active
314,楊嘉豪,PXrlA20377@example.com,active
315,曾淑娟,VmKHq13272@example.com,active
316,鍾國強,nNvgX32449@example.com,active
317,袁怡靜,FUlXa42032@test.mail.com,active
318,宋美琪,VSPmc23291@test.mail.com,active
319,謝雅婷,dEIAb58996@im.mail.com,active
320,趙佩玲,MgXfa56249@random.mail.org,active
321,彭家豪,GCqDl03136@random.mail.org,active
322,許信宏,SkTmu12504@random.mail.org,active
323,曾宜芳,icszK16711@example.com,active
324,廖建志,rLadK68559@im.mail.com,active
325,謝雅婷,iJxXo83667@example.com,active
326,鍾智豪,yKKdC06690@random.mail.org,active
327,王麗華,fNTuu58288@random.mail.org,active
328,吳麗華,IxVLV10435@random.mail.org,active
329,楊建銘,tZRcY45024@example.com,active
330,曾惠美,qMnCo83823@example.com,deleted
331,廖文豪,paGjh42398@im.mail.com,active
332,洪明杰,YpWrn91197@random.mail.org,active
333,韓建宇,XRWme45659@im.mail.com,active
334,曾美琳,wCMXc03235@random.mail.org,active
335,潘冠霖,fPUTL20959@test.mail.com,active
336,韓曉婷,znWmz59113@random.mail.org,active
337,彭建銘,grWvp00644@im.mail.com,active
338,林美玲,PtGkw67801@random.mail.org,active
339,魏書瑋,GcnFL86064@im.mail.com,active
340,王秀玲,TOSMZ62665@im.mail.com,active
341,程淑芬,rEyUm33417@csie.mail.com,active
342,金志誠,COwRC56863@csie.mail.com,active
343,丁偉倫,oAThR38277@csie.mail.com,active
344,彭文豪,AKTWY18836@example.com,active
345,楊怡靜,pBkQU06458@example.com,deleted
346,林惠美,dakkD40633@csie.mail.com,banned
347,賴怡靜,eXmNW75119@csie.mail.com,active
348,張志偉,xwPwS52560@test.mail.com,active
349,黃思妍,XusXq51534@random.mail.org,active
350,傅佩雯,LYDWq82879@im.mail.com,active
351,李志明,XpubA69079@csie.mail.com,active
352,潘志明,SwpTE92921@example.com,active
353,傅建宇,GevXm80759@csie.mail.com,active
354,曹怡君,XHyxp18601@example.com,active
355,魏宏傑,Edqhg72929@test.mail.com,active
356,周偉倫,Ktwgf24029@example.com,active
357,曾志傑,feSHS03404@im.mail.com,active
358,呂智豪,HFMYr95436@example.com,active
359,鄭俊文,FOmaO10884@test.mail.com,active
360,白冠霖,VFTbo14238@example.com,active
361,蘇志偉,gQedO83800@im.mail.com,deleted
362,李國平,hkNlT19730@test.mail.com,active
363,曹怡靜,Pikht29825@random.mail.org,active
364,呂建宇,SBwJF87849@example.com,active
365,鄭志豪,onuuy60864@csie.mail.com,active
366,丁思妍,Boxth78647@random.mail.org,active
367,柯怡君,vPYSB23589@example.com,active
368,邱佳雯,JZqYu30079@im.mail.com,active
369,吳淑芬,xsbTz65472@example.com,active
370,葉志偉,KDoaK48300@random.mail.org,banned
371,鍾美瑜,KSqCe29333@example.com,active
372,黃家瑋,aoKIU49887@example.com,active
373,郭玉珍,FDlBP94357@im.mail.com,banned
374,葉家豪,KJUby06845@csie.mail.com,active
375,謝志誠,wfwDN81859@im.mail.com,active
376,宋美惠,grQBo84876@example.com,active
377,馬思穎,qxERx31161@im.mail.com,active
378,蘇麗芬,KLmFw12360@im.mail.com,active
379,陳智翔,SPfst76225@test.mail.com,active
380,楊心儀,jgdFo12965@im.mail.com,active
381,謝智勇,Xlfzz69692@test.mail.com,active
382,柯志勇,kDuOg98340@random.mail.org,active
383,沈淑華,aSUjJ24545@test.mail.com,active
384,魏冠瑋,FffOu42283@im.mail.com,active
385,林國強,cqZXp12974@im.mail.com,active
386,賴偉倫,KAduK75977@example.com,active
387,郭美瑜,rQHCC49269@test.mail.com,active
388,宋志宇,IxIop21130@random.mail.org,active
389,許怡伶,JcnvS82202@random.mail.org,active
390,韓明樺,EJqor66208@example.com,active
391,金國華,LCAQe76854@example.com,active
392,潘建輝,NMqOS90960@test.mail.com,active
393,林志勇,DAtXK88969@test.mail.com,deleted
394,曹淑華,rbDbe10858@csie.mail.com,deleted
395,鍾志誠,BxuaU07080@example.com,active
396,韓美玲,MSLVE77628@random.mail.org,active
397,郭志傑,PZBhZ99609@random.mail.org,banned
398,謝智翔,zfNou52556@example.com,active
399,黃怡伶,LeczT81117@random.mail.org,deleted
400,鍾志堅,yRTZQ53901@im.mail.com,active
401,鄭志成,EsMgk14016@im.mail.com,active
402,劉惠美,kzrIW84076@example.com,active
403,曹怡靜,qKAkQ15911@im.mail.com,deleted
404,鄭德明,Ismbp84688@example.com,active
405,傅志遠,LANis51556@im.mail.com,active
406,楊家豪,CpwBW41922@random.mail.org,deleted
407,楊怡伶,SeyJR93880@test.mail.com,active
408,陳佳慧,wpVsh65143@example.com,active
409,孫建宏,WcLOn44484@csie.mail.com,active
410,袁佩玲,QBDxU26738@random.mail.org,active
411,彭建國,Bbday09356@test.mail.com,active
412,孫國基,STSTc22392@im.mail.com,active
413,韓俊宏,IEdJl80500@test.mail.com,active
414,岳建輝,VirLi52635@csie.mail.com,active
415,程建銘,oxLdW40974@im.mail.com,active
416,范冠霖,EZCYa57974@random.mail.org,active
417,白嘉豪,KWeBr17009@csie.mail.com,active
418,吳宜萱,ENgAj50791@csie.mail.com,active
419,郭志傑,ULQIN20567@random.mail.org,active
420,李美惠,pRSFx12480@test.mail.com,active
421,曾建輝,Ditrv32811@csie.mail.com,active
422,余雅雯,jVpRt07018@example.com,active
423,曾怡欣,rrUSu78734@random.mail.org,active
424,余美琳,sIZMD98091@random.mail.org,active
425,周書瑋,gXxUb80204@example.com,active
426,田美惠,kpWMG74393@test.mail.com,active
427,孫冠瑋,ErPpt53885@csie.mail.com,active
428,許雅玲,sHuFQ23241@random.mail.org,active
429,廖志宇,HbcbB36065@test.mail.com,active
430,郭秀英,AZlis68409@random.mail.org,active
431,孫志勳,JyvrU68445@test.mail.com,active
432,鄭淑慧,Qnhsv65491@test.mail.com,active
433,賴怡君,zwctL77223@example.com,active
434,廖志勇,RXylj56972@test.mail.com,active
435,曹宏志,IBujK54835@im.mail.com,active
436,曹志明,cZnyv85065@test.mail.com,active
437,吳佳玲,bgWsY49652@example.com,active
438,廖家瑋,ubmtL06770@im.mail.com,active
439,傅宜萱,fqilM35774@csie.mail.com,active
440,余佩雯,rEzmK21585@test.mail.com,active
441,宋信宏,Gntlt07984@example.com,active
442,韓志成,bHAZc39713@random.mail.org,active
443,黃建國,gBMCe81167@example.com,banned
444,吳秀玲,RkEvU38512@test.mail.com,active
445,吳麗芬,DyXDE17130@im.mail.com,deleted
446,許志明,JZbRv48317@example.com,active
447,范志遠,Hqhvf14353@csie.mail.com,active
448,洪建志,JdMJb68382@random.mail.org,active
449,蘇志豪,QQmMt44504@example.com,banned
450,曾建宏,IfZgZ43423@test.mail.com,active
451,楊佳雯,sEkKp81605@im.mail.com,active
452,陳欣怡,emlzE54477@example.com,active
453,李冠霖,zONIo38790@im.mail.com,active
454,葉志宇,MtqVu48039@example.com,active
455,曹志傑,vrChP37333@csie.mail.com,active
456,王文豪,JSjNq15448@example.com,active
457,馬國強,UhnvQ34686@csie.mail.com,active
458,彭淑娟,LddKl38089@im.mail.com,active
459,陳德明,EAVbk82683@im.mail.com,active
460,林雅雯,JVSxL17063@im.mail.com,active
461,袁志誠,NwpCP01286@example.com,active
462,孫志勇,HdlDN48776@csie.mail.com,active
463,江怡欣,FpeTX10581@test.mail.com,active
464,蘇玉珍,JUGaW07277@random.mail.org,banned
465,曾家豪,kyhGe59281@csie.mail.com,active
466,陳志宇,qMAAe75773@example.com,active
467,余志成,JMFZZ89021@test.mail.com,active
468,彭俊文,iwBfB11306@csie.mail.com,active
469,孫玉珍,npssk30974@random.mail.org,active
470,楊志誠,Ctbup04948@test.mail.com,active
471,江家瑋,jCjUw20918@test.mail.com,active
472,劉志華,okELk63092@csie.mail.com,active
473,劉佳蓉,shurq93079@im.mail.com,active
474,許怡君,CkNqY46652@im.mail.com,deleted
475,曾秀文,qmBli17537@test.mail.com,active
476,曾志傑,mHUuC08846@csie.mail.com,active
477,江智勇,RhIsz93041@csie.mail.com,active
478,曾俊傑,UYzXN31700@example.com,deleted
479,張志勇,amTzv71589@im.mail.com,active
480,蔡志豪,nTAfd70743@example.com,active
481,曾志宇,RoQem57116@random.mail.org,deleted
482,田志峰,ilUvi04752@example.com,active
483,趙宜芳,loyFi70594@csie.mail.com,active
484,劉明杰,iELcL81052@random.mail.org,active
485,郭志堅,rMnxM53770@im.mail.com,active
486,韓美玲,dwIYR73547@example.com,active
487,蔡曉婷,NypRM80901@random.mail.org,active
488,魏玉芬,KjDQs76337@random.mail.org,active
489,李怡欣,xZsIl35030@test.mail.com,active
490,魏玉芬,FDHcq35508@test.mail.com,active
491,方志傑,jrTVi48578@random.mail.org,active
492,潘志勳,KHAMd47816@example.com,active
493,吳怡欣,RFtYi19873@csie.mail.com,active
494,金麗萍,iJQaE46453@random.mail.org,active
495,江勝文,XqROU76703@example.com,active
496,江怡欣,XPVuF59952@im.mail.com,active
497,丁雅文,QvgBI47568@example.com,active
498,賴勝傑,IuVym64793@csie.mail.com,active
499,方麗華,URbkF60217@csie.mail.com,deleted
500,韓雅婷,ksEbN88864@random.mail.org,active
501,余宏志,RuyMf93705@im.mail.com,active
502,曾振華,NpIKv39774@csie.mail.com,active
503,余怡靜,hcuQa44157@csie.mail.com,active
504,柯志誠,tScUZ97730@csie.mail.com,active
505,宋建宇,xXytq00664@test.mail.com,active
506,邱怡伶,HfSXb10113@test.mail.com,active
507,程淑珍,KagHf26130@example.com,active
508,吳志勇,UdFoG38918@csie.mail.com,active
509,曾秀文,RgCkj16404@csie.mail.com,active
510,邱嘉豪,EHGgd85976@example.com,active
511,葉玉芬,PwIPu54099@csie.mail.com,active
512,韓雅文,UFBcj54782@im.mail.com,active
513,江玉君,DmeED05126@test.mail.com,active
514,張智翔,bScGN42801@csie.mail.com,active
515,白美玲,DpDYx33420@csie.mail.com,active
516,周建國,zeBjH62835@example.com,active
517,馬國基,YIeGM60520@example.com,deleted
518,蘇玉珍,giMZk81051@example.com,active
519,傅明杰,mvkRH52426@test.mail.com,active
520,呂雅婷,JBojj81399@im.mail.com,active
521,周秀英,AyEyl07460@random.mail.org,active
522,方美琳,zJwWc84036@example.com,active
523,葉德明,oFsgP83876@random.mail.org,banned
524,李宜芳,dmAor40185@random.mail.org,deleted
525,鍾淑芬,RRBDJ08885@test.mail.com,active
526,楊靜宜,aWjtn02505@example.com,active
527,邱德明,MXirW81372@csie.mail.com,active
528,賴建志,ToAYB35120@csie.mail.com,active
529,鍾靜宜,pzrsE96343@example.com,active
530,丁雅雯,eJLDA25915@im.mail.com,active
531,沈信宏,TByvo61321@random.mail.org,active
532,袁振華,GTlaJ31292@example.com,active
533,謝智勇,GovNh64430@im.mail.com,deleted
534,方書瑋,UvfVQ53357@example.com,active
535,趙靜宜,qLDEZ85228@example.com,active
536,周佳玲,kWxKS01151@csie.mail.com,active
537,韓志勇,DJYWR70797@test.mail.com,active
538,吳國平,emBVe36441@im.mail.com,active
539,傅建宏,AxiLl47337@im.mail.com,deleted
540,傅志勳,kmPKB48443@csie.mail.com,active
541,韓俊傑,hvaLw01133@test.mail.com,active
542,沈冠瑋,SLcAE02253@csie.mail.com,deleted
543,蘇志明,qQKnu50233@im.mail.com,active
544,林明樺,BmBmt02534@test.mail.com,active
545,潘國平,TSeqE19993@im.mail.com,active
546,葉雅文,PNGis34250@test.mail.com,active
547,范建輝,yAUmU31911@example.com,active
548,呂志成,lRtKi22444@csie.mail.com,active
549,林淑娟,OLPQM80968@im.mail.com,deleted
550,潘佳雯,DMGzR04643@random.mail.org,active
551,周志明,iQSSM03795@random.mail.org,active
552,陳家瑋,bTCpN41803@im.mail.com,active
553,江心儀,VGwHq63270@example.com,active
554,黃明杰,KrVfh74319@csie.mail.com,active
555,洪怡君,PfaFJ73348@random.mail.org,active
556,陳思穎,GBSOc45948@csie.mail.com,active
557,張美霞,GwRdm71671@random.mail.org,active
558,陳勝文,LqkAJ26503@im.mail.com,active
559,洪建銘,mgyQS59690@csie.mail.com,active
560,劉文傑,uDlmJ26367@random.mail.org,active
561,許志峰,jtqFk86815@random.mail.org,active
562,袁明樺,CQCwk86888@im.mail.com,active
563,劉佩玲,RERRp96536@example.com,active
564,張佳慧,TMORo66290@example.com,active
565,楊惠美,CcafU69632@csie.mail.com,active
566,余怡君,rMvye97017@random.mail.org,active
567,許志勳,uVwcM03868@test.mail.com,banned
568,曾偉倫,bMXOp78202@csie.mail.com,active
569,袁志豪,AuqMT96077@csie.mail.com,active
570,柯冠瑋,ascHJ08870@csie.mail.com,active
571,謝美玲,OztPn49359@random.mail.org,active
572,馬思穎,yQpNu57552@example.com,active
573,柯志遠,EluMZ38064@test.mail.com,active
574,袁志偉,dgciL47335@example.com,active
575,鍾志遠,kHiqz98354@im.mail.com,active
576,郭偉倫,lxJkG83678@csie.mail.com,active
577,賴淑芬,UXlzt20630@im.mail.com,active
578,許美琪,OCZcW87436@im.mail.com,active
579,洪智勇,omats10340@example.com,active
580,岳志明,turtP47049@example.com,active
581,韓欣怡,qnuVL95439@example.com,active
582,吳美瑜,QTgUz56146@test.mail.com,active
583,鍾志威,oFjoq78719@random.mail.org,active
584,賴嘉豪,VCrtm07511@example.com,active
585,范嘉豪,KzdUx03781@im.mail.com,active
586,曾欣怡,Mscis44120@im.mail.com,active
587,傅志勳,QcXeR14035@random.mail.org,active
588,余志華,cWxkA29989@example.com,active
589,曾麗萍,omJCe95706@test.mail.com,active
590,魏智豪,ncuNN03852@example.com,active
591,楊建銘,mWgME50268@test.mail.com,active
592,傅勝傑,xsvjA81288@test.mail.com,active
593,沈宏志,RHUcr90622@im.mail.com,active
594,傅偉倫,mAzzR49092@test.mail.com,active
595,田建國,JnARZ82408@test.mail.com,active
596,丁志遠,BFutm76073@csie.mail.com,active
597,賴文傑,qVika38563@test.mail.com,deleted
598,黃建國,GKfWq32417@test.mail.com,active
599,林志豪,VATeK35826@im.mail.com,active
600,田建志,WFqYI25554@random.mail.org,active
601,金秀文,ynYut01856@example.com,active
602,邱若瑄,xhXXj98894@example.com,active
603,李志誠,cEcQV12472@im.mail.com,active
604,白美瑜,BWYub42295@random.mail.org,active
605,楊建宇,iykiZ37037@random.mail.org,active
606,余文傑,SxJPp82197@test.mail.com,active
607,柯思穎,TzXhq21509@csie.mail.com,deleted
608,李志威,lAhGD61260@example.com,active
609,丁麗華,mIvrj65665@random.mail.org,active
610,馬雅玲,XfHvj36501@test.mail.com,active
611,劉淑華,ylMcB50544@csie.mail.com,active
612,許建志,pmhBw78126@example.com,active
613,王思穎,TZifu90150@random.mail.org,active
614,丁宜萱,QZvCy68998@random.mail.org,banned
615,蘇志勳,nvgjW57794@im.mail.com,active
616,彭智豪,eMWXs86279@im.mail.com,active
617,邱佩雯,XmdLw08426@random.mail.org,active
618,方美琳,FWBRt14880@test.mail.com,active
619,謝若瑄,yJhMn52204@random.mail.org,active
620,丁冠霖,GrvZk15946@random.mail.org,active
621,袁宏傑,dBZfO14144@example.com,active
622,沈心儀,iKADJ39142@csie.mail.com,active
623,楊志新,ubwCh41461@im.mail.com,active
624,林宏志,wvteh81190@csie.mail.com,active
625,葉志新,xPoke99181@example.com,active
626,賴怡君,izDXZ63756@test.mail.com,active
627,孫怡華,awcsl18591@test.mail.com,active
628,金宜萱,tKxtw78943@csie.mail.com,active
629,岳國華,tBllm55871@im.mail.com,deleted
630,孫若瑄,UxDle24230@example.com,active
631,趙玉芬,hMmpr41753@test.mail.com,active
632,林玉珍,WtSmr23666@csie.mail.com,active
633,呂志豪,fMfsL20930@example.com,deleted
634,鍾曉婷,cPlzw23875@test.mail.com,active
635,程明樺,vOGbf88839@test.mail.com,active
636,黃志勳,snJgd26137@test.mail.com,active
637,胡玉芬,RSddP77172@random.mail.org,active
638,蔡怡伶,yOtzv05378@random.mail.org,active
639,方淑珍,PCqjk44065@test.mail.com,active
640,程智翔,RQAOh50041@random.mail.org,active
641,江雅玲,YlIxI97038@im.mail.com,active
642,范偉倫,wkiwJ26551@im.mail.com,banned
643,楊美琳,IlLGU58181@random.mail.org,active
644,洪若瑄,Wexes25919@csie.mail.com,active
645,李靜宜,XOPCj18556@csie.mail.com,deleted
646,余若瑄,vhWYH66388@test.mail.com,active
647,傅麗華,uhZty31600@example.com,active
648,柯志誠,EMFUk91087@random.mail.org,active
649,楊佳慧,Jtzea13721@csie.mail.com,active
650,金智豪,ahvoj20914@test.mail.com,active
651,金建輝,NZoOn79268@example.com,active
652,蔡國華,nUwlB84505@test.mail.com,active
653,田麗萍,ZFNrW42532@csie.mail.com,active
654,邱建輝,miUfk52029@im.mail.com,active
655,周美瑜,ZDXEp46995@random.mail.org,active
656,傅雅文,MSTia69691@csie.mail.com,active
657,宋怡君,fjUnV43444@csie.mail.com,active
658,楊冠宇,OZIEH27238@example.com,active
659,吳勝文,lJYrV22575@test.mail.com,active
660,謝志勇,ZWoMX90396@random.mail.org,deleted
661,江偉倫,GlgMK23899@im.mail.com,banned
662,金建宇,YDqTD02562@example.com,active
663,金冠霖,BDJMI13142@csie.mail.com,active
664,廖玉珍,cDNQz21823@random.mail.org,active
665,韓德明,nyGUT03712@im.mail.com,active
666,袁志勇,rthng25888@random.mail.org,active
667,鍾國平,upZym26704@csie.mail.com,active
668,胡淑華,mgQeQ02770@random.mail.org,active
669,孫美惠,KAxXS79488@csie.mail.com,active
670,彭美玲,ncbmh97521@random.mail.org,active
671,陳宏志,XahYu97007@test.mail.com,active
672,林志新,bdZPT78927@im.mail.com,deleted
673,傅美惠,piDrO98214@random.mail.org,active
674,胡宜芳,hhCyB16604@random.mail.org,deleted
675,葉國平,NOpMl14661@test.mail.com,active
676,廖建志,EWlWa75874@random.mail.org,active
677,鄭怡伶,IqFXD84960@csie.mail.com,active
678,蔡德明,dDOwp00331@random.mail.org,active
679,范志堅,QfhML44158@example.com,deleted
680,馬志傑,CqgEs10078@random.mail.org,active
681,丁家豪,zUSvx45567@example.com,active
682,黃明樺,EXaut91910@random.mail.org,active
683,楊智豪,tATIh05783@csie.mail.com,active
684,胡玉君,ZNXax14651@csie.mail.com,active
685,許佳玲,gYXDq12451@test.mail.com,active
686,岳玉芬,UMBeJ26888@example.com,active
687,曹美惠,rIQwV35280@random.mail.org,deleted
688,洪雅萍,OfQhy84832@im.mail.com,active
689,孫美惠,ckkoW59253@csie.mail.com,active
690,曾雅婷,spIKh50338@test.mail.com,banned
691,劉國強,SjKgF79309@random.mail.org,active
692,張怡華,ymvZA19997@test.mail.com,active
693,岳文豪,TeegB49122@im.mail.com,active
694,岳志成,yZjSG00343@test.mail.com,active
695,韓麗芬,DzDcT30739@csie.mail.com,active
696,江秀文,HKxyf08014@example.com,active
697,黃雅婷,vVZgP79380@im.mail.com,active
698,張文豪,QtJvI48083@random.mail.org,active
699,廖佩雯,nsMNp45317@random.mail.org,active
700,洪佳雯,WRTAM87784@csie.mail.com,active
701,蘇美玲,GDelq55021@csie.mail.com,deleted
702,劉志成,KErHu76104@example.com,active
703,葉怡君,sIKhI98067@random.mail.org,active
704,白玉珍,mdPxr02566@im.mail.com,active
705,呂淑華,MpgmG53515@csie.mail.com,active
706,金惠美,THwjX22267@csie.mail.com,active
707,黃冠霖,QLiKV74885@example.com,active
708,吳曉婷,dPwnG14929@im.mail.com,active
709,白德明,BdPyK23996@csie.mail.com,active
710,彭智勇,uHXeR25922@test.mail.com,active
711,林志宇,UcTwq33142@csie.mail.com,active
712,胡宜芳,Gwpur71451@example.com,active
713,邱志傑,DLzXs41632@csie.mail.com,active
714,白佩雯,KekXt67197@im.mail.com,active
715,曹麗萍,plEnx76454@test.mail.com,active
716,金志峰,uAZls23961@random.mail.org,active
717,金國基,behdH02539@test.mail.com,active
718,袁麗華,wyvxG51906@csie.mail.com,deleted
719,岳怡伶,Odyff24581@im.mail.com,active
720,洪家豪,gvqyr85757@random.mail.org,active
721,鍾志成,CEJUa20002@im.mail.com,active
722,黃明樺,DrPhG54559@im.mail.com,active
723,傅明杰,tBYpV36319@csie.mail.com,active
724,鄭志宇,XxSMr61986@example.com,active
725,袁淑華,qltyq85408@im.mail.com,active
726,孫志偉,fCNSy00970@csie.mail.com,active
727,傅怡君,ZFeYR34042@random.mail.org,active
728,袁怡君,HEAKP57467@im.mail.com,deleted
729,胡志勳,IJkNt21727@random.mail.org,active
730,曾志勇,nitaD50504@test.mail.com,active
731,蔡雅文,LycBB23871@example.com,active
732,江志偉,VGFxn22704@test.mail.com,deleted
733,曾欣怡,JqmUn83908@example.com,active
734,岳秀英,JEwlc77404@im.mail.com,active
735,李秀文,gYSKf71777@test.mail.com,active
736,曾雅婷,upVWc48258@example.com,active
737,曾文豪,ovtrN73978@random.mail.org,active
738,鄭玉芬,plVVP15023@im.mail.com,active
739,白嘉豪,ExewP23252@example.com,active
740,潘宜芳,jZzce04175@example.com,active
741,趙志勳,jNAlC93585@csie.mail.com,active
742,方美玲,iEOmQ03220@random.mail.org,active
743,袁淑慧,owmpq36957@test.mail.com,active
744,岳雅萍,iYWgm08637@test.mail.com,active
745,魏書瑋,wtipE68013@test.mail.com,active
746,劉美琪,rtebx27606@example.com,active
747,曾雅婷,pRkbA16011@random.mail.org,active
748,趙偉倫,PgdUH18503@example.com,active
749,劉建宏,wDIAh89430@test.mail.com,deleted
750,吳佳玲,cAdXk33089@example.com,active
751,岳心儀,sAwGS23286@random.mail.org,active
752,許智翔,jizaI57236@test.mail.com,active
753,胡智勇,NUGlS25461@example.com,active
754,白俊宏,DXtRY71454@example.com,active
755,林玉君,GuaWc45895@csie.mail.com,active
756,李秀玲,wZAZX84257@example.com,active
757,葉雅文,QNdfk53705@csie.mail.com,active
758,邱宜芳,YxrHC64145@random.mail.org,active
759,張勝文,fcGeb88985@random.mail.org,active
760,謝淑芬,nKxlo93745@test.mail.com,active
761,邱志勇,slJvU31426@test.mail.com,active
762,廖家瑋,stUIp01442@test.mail.com,active
763,魏欣怡,aaUuF52862@csie.mail.com,active
764,余信宏,APKAe72631@test.mail.com,active
765,張俊文,wonEv39582@random.mail.org,active
766,白淑娟,zPOHe30085@random.mail.org,active
767,吳雅婷,Leerb22966@im.mail.com,active
768,廖秀文,HFTST32940@test.mail.com,active
769,郭志華,GnKSU15697@example.com,active
770,袁佳玲,TOZMq43217@im.mail.com,active
771,范國平,tNTOR19417@random.mail.org,active
772,胡志威,yQWdD85352@im.mail.com,active
773,郭建國,omXeS37183@test.mail.com,active
774,邱怡華,mpGaB55822@im.mail.com,active
775,吳建國,mVMyz21215@random.mail.org,active
776,金俊文,lcEZQ20289@random.mail.org,active
777,丁勝傑,bNKAJ69943@random.mail.org,active
778,曾智勇,vSpPz33445@example.com,deleted
779,沈志誠,AyfCm50591@random.mail.org,active
780,余美霞,YDLtr63390@csie.mail.com,active
781,趙勝傑,FwMIT30829@test.mail.com,deleted
782,曾麗萍,Yabmu79284@im.mail.com,banned
783,柯志成,zJxQb59732@example.com,active
784,方智勇,GUlUr34466@csie.mail.com,active
785,林佩雯,sNfEr93840@example.com,active
786,曹雅萍,lUZHv30861@random.mail.org,deleted
787,曾冠宇,eRGkK94716@example.com,active
788,白佳蓉,eMxYZ80397@random.mail.org,active
789,方嘉豪,uLond27968@example.com,active
790,郭國強,mPtaI49058@csie.mail.com,active
791,柯淑華,ZXSTk48986@csie.mail.com,active
792,廖冠瑋,UgecD41562@random.mail.org,active
793,蘇麗萍,EPGdR30320@example.com,active
794,孫心儀,qgxjz72763@test.mail.com,active
795,呂惠美,vDQkL01050@random.mail.org,active
796,賴淑珍,MpPwD80689@csie.mail.com,active
797,廖建宇,QEFIE27688@test.mail.com,active
798,袁志威,ZXnAI86208@test.mail.com,active
799,邱冠宇,JhgzH06964@im.mail.com,active
800,葉智勇,qUQEX17281@example.com,deleted
801,魏靜宜,RACpF54217@example.com,active
802,謝怡華,MSaSu89397@random.mail.org,active
803,趙志宇,JYjXr91526@im.mail.com,active
804,李志威,RzalS83642@csie.mail.com,active
805,蘇心儀,Ozldm39156@example.com,active
806,范宜芳,GoXHV25677@im.mail.com,banned
807,許建銘,geVze82647@im.mail.com,active
808,陳佩玲,tPZas99149@test.mail.com,active
809,方俊傑,pXUhJ72329@random.mail.org,active
810,周志成,cmEAO41158@test.mail.com,active
811,蔡麗芬,QTCzj18555@example.com,active
812,賴志勳,cCCOF49944@csie.mail.com,active
813,馬振華,zyUOB05585@random.mail.org,banned
814,方佳慧,KgNiW21483@im.mail.com,active
815,葉秀玲,MEWuz40901@csie.mail.com,active
816,孫智勇,aqhmG56526@random.mail.org,active
817,王欣怡,lMhQY00031@csie.mail.com,active
818,邱玉君,xBjkm80311@example.com,active
819,袁書瑋,LZxUV85512@im.mail.com,active
820,孫佳玲,mNcei40773@im.mail.com,active
821,傅雅雯,KmjXa37988@test.mail.com,banned
822,趙秀文,jLYkv44869@test.mail.com,active
823,余玉珍,WLQCW34525@random.mail.org,active
824,呂淑芬,bLySl69337@test.mail.com,active
825,袁靜宜,vKdQj77814@random.mail.org,active
826,謝玉芬,ByoYD30800@csie.mail.com,deleted
827,李淑珍,etePm67846@example.com,active
828,蔡佩雯,WOvpG50173@random.mail.org,active
829,曾曉婷,gmdbR64020@random.mail.org,active
830,袁麗華,oitqO38659@im.mail.com,active
831,沈秀文,KLvpl81770@random.mail.org,active
832,胡志勇,QSrZr87183@test.mail.com,active
833,沈冠霖,PKWJH67050@random.mail.org,active
834,江智豪,rfemn48094@example.com,active
835,蔡建志,HRYsy64437@test.mail.com,active
836,郭宏志,ewjYI85990@example.com,banned
837,彭怡欣,TGeNb67866@csie.mail.com,active
838,曾文傑,Eoxiq65347@im.mail.com,active
839,韓建宇,mvacY42941@csie.mail.com,banned
840,劉惠美,LJsaj12412@random.mail.org,active
841,馬婉婷,tnXnL95453@example.com,active
842,吳文傑,yWBvi46333@test.mail.com,active
843,蔡麗芬,AxLfi57844@test.mail.com,banned
844,郭志宇,FCXFc63832@im.mail.com,active
845,鄭雅萍,hHEoi13654@random.mail.org,active
846,楊志誠,fvGta56686@test.mail.com,deleted
847,柯美琪,MzIuK09258@im.mail.com,active
848,鍾怡靜,SjHnx90935@csie.mail.com,active
849,柯佳蓉,CDlfT59558@random.mail.org,active
850,劉志明,RHEaQ00743@random.mail.org,active
851,曾麗萍,WfUyA35869@random.mail.org,active
852,蘇心儀,pUpys55380@example.com,active
853,廖建志,AKDpL27756@random.mail.org,active
854,趙美霞,KFZBw86811@test.mail.com,active
855,胡玉珍,XgYyI93246@im.mail.com,deleted
856,林文傑,jupzc14243@im.mail.com,active
857,鄭思妍,ELmkh46550@random.mail.org,active
858,趙美瑜,XCiZp47875@test.mail.com,active
859,吳秀玲,fsbTX08950@csie.mail.com,deleted
860,廖冠霖,rqyWZ89272@example.com,deleted
861,潘麗芬,PUlcP79453@random.mail.org,active
862,鄭冠宇,JEJTN13702@test.mail.com,active
863,胡勝傑,ZJeOx89484@example.com,deleted
864,賴麗萍,gZXCO44751@im.mail.com,active
865,魏勝傑,jEfCh07189@random.mail.org,active
866,余德明,PFOZY17263@random.mail.org,deleted
867,趙怡靜,RgZNb43065@im.mail.com,active
868,余智翔,hqSVu60123@im.mail.com,active
869,廖淑慧,awKPI18747@example.com,active
870,王建輝,Whuwa83781@im.mail.com,active
871,江志堅,zEZMv63839@im.mail.com,active
872,張美瑜,AppUE48203@csie.mail.com,active
873,傅冠瑋,BLjks68341@im.mail.com,active
874,宋惠美,ghHac47170@csie.mail.com,active
875,劉志新,MzHYm48514@im.mail.com,active
876,程淑芬,mdjQt34719@test.mail.com,active
877,王宏傑,nYYGi61655@example.com,active
878,江智勇,honEc64014@example.com,active
879,李怡伶,kBGWV57760@random.mail.org,active
880,陳淑慧,sbvlY84771@random.mail.org,active
881,范怡欣,pTaRo52551@test.mail.com,active
882,韓志峰,tksHc66017@csie.mail.com,active
883,楊佳玲,OMqpZ57477@csie.mail.com,active
884,胡勝文,xkfVm41222@random.mail.org,active
885,曹心儀,Beasb97640@im.mail.com,active
886,魏美霞,AhJMU07624@example.com,active
887,江國華,dTyDQ45982@im.mail.com,active
888,鍾國基,QzGFb03641@csie.mail.com,active
889,蘇思穎,SATra57781@csie.mail.com,deleted
890,曾美琳,fZmxJ34557@example.com,active
891,岳智豪,XwaRU55292@test.mail.com,active
892,蘇志成,oRnAz89267@test.mail.com,active
893,周志豪,RYlZP75121@example.com,active
894,馬志遠,FBOtJ84484@example.com,active
895,柯曉婷,DItZy22316@test.mail.com,active
896,方嘉豪,TAmAH81464@example.com,active
897,劉淑珍,KtCNV40996@test.mail.com,active
898,洪志遠,ulTNG91318@random.mail.org,deleted
899,郭婉婷,PQeiK56905@im.mail.com,active
900,孫淑華,JJCqg19271@example.com,active
901,田玉芬,hTpKT95516@im.mail.com,active
902,傅勝傑,SbQib18464@example.com,active
903,金志遠,tmViK18186@csie.mail.com,active
904,曾宏志,NStMB03918@csie.mail.com,active
905,蔡勝傑,oEUvv06793@example.com,active
906,鄭志偉,Etezd71703@random.mail.org,active
907,黃淑華,dLWEL37168@random.mail.org,active
908,程怡欣,wJZuo48517@test.mail.com,active
909,楊雅文,fhJBi55914@example.com,active
910,洪思妍,IABie03031@random.mail.org,active
911,陳俊文,YDCjH57956@csie.mail.com,active
912,吳美惠,OccSv88586@example.com,active
913,丁美瑜,ErUrn07763@im.mail.com,active
914,沈思妍,jdUrR55677@csie.mail.com,active
915,鍾佳玲,utNJR92180@test.mail.com,active
916,胡國華,SYjOU99974@example.com,active
917,洪淑芬,KFyUx42159@example.com,active
918,張宜萱,XspAM94102@im.mail.com,active
919,潘怡伶,KfwlH81474@random.mail.org,active
920,江志成,RwXvE90749@random.mail.org,active
921,魏怡華,cqnSa15603@csie.mail.com,active
922,李美玲,GSLqQ13065@example.com,active
923,楊俊傑,NwMrQ89513@im.mail.com,active
924,廖書瑋,rHHCF93620@csie.mail.com,active
925,蔡志新,HpLFY63077@test.mail.com,active
926,賴淑珍,siLae67886@im.mail.com,active
927,岳志峰,Bymac66580@test.mail.com,active
928,田玉珍,TGwCp63953@test.mail.com,active
929,鄭建志,qzbkW95519@example.com,active
930,張怡欣,hHoYK30649@csie.mail.com,active
931,蘇宜萱,WIJqw34388@csie.mail.com,active
932,柯怡欣,DpiKp04385@random.mail.org,active
933,余秀玲,LIteY32731@im.mail.com,active
934,方怡君,woVck83961@example.com,banned
935,程美霞,xTkur25280@im.mail.com,active
936,白宏傑,YfQPR36358@random.mail.org,active
937,孫冠瑋,hmVVu46433@example.com,active
938,謝秀英,yTxpY82956@test.mail.com,active
939,郭勝傑,wpdoA36570@test.mail.com,active
940,王家豪,nHAJc99424@random.mail.org,active
941,潘俊文,FdhQx31282@example.com,active
942,韓明杰,pNpfD37404@im.mail.com,banned
943,楊佩雯,HTuKR61712@random.mail.org,active
944,鄭智勇,VcNLd69010@test.mail.com,active
945,周俊宏,MAmMa63257@random.mail.org,active
946,袁佳蓉,cHAMx70997@random.mail.org,active
947,李宜芳,VuKrt43517@test.mail.com,banned
948,程偉倫,dgCXc64359@csie.mail.com,active
949,劉雅雯,TnVuh72116@csie.mail.com,active
950,丁怡靜,ETlBh97628@csie.mail.com,active
951,葉俊傑,Tvsnf64097@test.mail.com,active
952,岳建宏,KIkJr58804@csie.mail.com,active
953,余佳雯,xPpql60705@example.com,active
954,楊玉君,BGSvv90723@csie.mail.com,active
955,蘇志峰,suZqI98540@csie.mail.com,active
956,呂宏傑,nhhrx05807@im.mail.com,active
957,黃秀芳,XTsyE39416@im.mail.com,active
958,沈建輝,YMcWy43497@im.mail.com,active
959,袁玉君,aGpmK24488@test.mail.com,active
960,吳怡靜,QTvnU00022@test.mail.com,active
961,吳雅玲,MHQRY36613@csie.mail.com,active
962,楊佩玲,rAego12518@example.com,active
963,楊家瑋,PWghx96330@csie.mail.com,deleted
964,王志峰,nQoAC96502@csie.mail.com,active
965,傅曉婷,tGexI35530@random.mail.org,active
966,柯德明,pYgfS80413@example.com,active
967,彭雅玲,NDPQr89112@test.mail.com,deleted
968,廖玉芬,gaWpJ51055@test.mail.com,active
969,馬俊宏,FCano41590@random.mail.org,active
970,呂怡華,bVFkh98308@im.mail.com,active
971,林秀英,LxtKW64672@test.mail.com,active
972,胡建國,nJqxJ38969@csie.mail.com,active
973,楊思穎,GwfeX57915@test.mail.com,active
974,鍾佳玲,KArGT72717@im.mail.com,active
975,劉欣怡,zXVAp54791@im.mail.com,deleted
976,許靜宜,IalZZ86604@test.mail.com,active
977,張雅玲,XmwsB34246@im.mail.com,deleted
978,傅秀芳,Smzio91190@csie.mail.com,active
979,賴美琳,sLDlz68913@example.com,active
980,白麗華,TnilZ78174@csie.mail.com,active
981,劉國華,nxLiW72613@csie.mail.com,active
982,傅宏志,ZCqou37890@im.mail.com,active
983,彭雅文,bSntk28094@test.mail.com,active
984,蘇佳蓉,VVzxa95066@im.mail.com,active
985,謝家豪,wcfnW06005@test.mail.com,active
986,傅秀玲,QRvoi73427@im.mail.com,active
987,廖玉君,nKmGJ70336@test.mail.com,deleted
988,李怡君,Mmtgx40603@csie.mail.com,active
989,葉志宇,AWlEz82264@random.mail.org,active
990,潘宏傑,znNOT25539@csie.mail.com,active
991,田明樺,RwPLS58180@test.mail.com,active
992,郭怡華,OfxRk46949@random.mail.org,active
993,田佩雯,IIhdf93118@random.mail.org,active
994,蘇佳慧,WHHGk82775@test.mail.com,banned
995,張玉芬,hhWAC81770@csie.mail.com,active
996,周建志,PuKci71422@random.mail.org,active
997,彭家瑋,eTVef33122@random.mail.org,active
998,余怡欣,wvdQc58080@example.com,active
999,謝冠瑋,aJsOA42504@example.com,active
1000,廖美瑜,WdOID01137@test.mail.com,active
1001,楊怡君,QHWrD84042@test.mail.com,active
1002,余國強,mzsXV23350@random.mail.org,active
1003,呂國基,BhCEs81322@example.com,deleted
1004,謝佳玲,GAySU63338@example.com,active
1005,鍾振華,lHavE08927@random.mail.org,active
1006,馬家瑋,PcieP52054@im.mail.com,active
1007,程雅婷,eOTMT53556@test.mail.com,active
1008,江志誠,lSblk28452@im.mail.com,active
1009,邱志豪,WGeSM01036@im.mail.com,active
1010,孫玉君,UrpKv72127@test.mail.com,active
1011,胡冠瑋,KVdMe52447@im.mail.com,active
1012,曾家豪,cwrbd87920@test.mail.com,active
1013,郭志勇,uDjyC72848@csie.mail.com,active
1014,賴志豪,ZpPLZ24327@example.com,active
1015,丁俊傑,ZKlxv32765@example.com,deleted
1016,程淑華,Ifouc31749@csie.mail.com,active
1017,邱靜宜,xQLDa70828@random.mail.org,active
1018,陳美玲,hGVBC62417@example.com,active
1019,許婉婷,TxpMu82830@im.mail.com,active
1020,程志明,aYLeY46861@csie.mail.com,active
1021,袁心儀,urWdX02559@random.mail.org,active
1022,金建銘,mGwAF19652@im.mail.com,active
1023,江志峰,nQknK87065@csie.mail.com,active
1024,丁若瑄,xnoVz64728@test.mail.com,active
1025,江勝傑,rfxyy63505@im.mail.com,active
1026,郭德明,Yyypn10115@im.mail.com,active
1027,袁志遠,MtXkg43051@csie.mail.com,active
1028,曹冠宇,EtwlN10746@random.mail.org,active
1029,邱建國,JLrBX10930@im.mail.com,active
1030,呂嘉豪,ZcJcT34301@im.mail.com,active
1031,田振華,wGAnv88828@im.mail.com,active
1032,程佳雯,cmNMr20707@example.com,active
1033,鄭俊傑,WtfQf67202@im.mail.com,active
1034,吳若瑄,EUWOM31470@csie.mail.com,active
1035,廖志誠,bxxGN88295@random.mail.org,deleted
1036,曾志誠,DgzHM80490@test.mail.com,active
1037,丁志傑,OnRDW26658@im.mail.com,active
1038,王俊宏,tohnr44210@example.com,active
1039,江秀芳,NXpiB77437@im.mail.com,active
1040,程志勳,DvJVA82926@csie.mail.com,active
1041,魏智豪,YtkHi94834@random.mail.org,active
1042,曹建宇,QYonD38894@test.mail.com,active
1043,曹志偉,vCqwl76232@test.mail.com,active
1044,潘志勳,iNAtG40781@test.mail.com,active
1045,邱建輝,JiAop82349@example.com,active
1046,岳家瑋,QXtqt58049@im.mail.com,deleted
1047,彭秀芳,vGKFs45535@random.mail.org,active
1048,方國強,YBqCT42207@im.mail.com,active
1049,沈怡伶,nlYGu00688@example.com,active
1050,葉秀英,OKnCh80366@test.mail.com,active
1051,丁淑娟,RoPUj02502@example.com,active
1052,宋志誠,AgUem43360@im.mail.com,banned
1053,宋俊宏,XEMed45830@csie.mail.com,active
1054,曾秀玲,GcrSG38777@test.mail.com,active
1055,呂欣儀,uQvtB06468@test.mail.com,active
1056,傅俊宏,WmBhL44271@example.com,active
1057,潘宜萱,Boksf15225@example.com,active
1058,余雅文,lDshl13890@csie.mail.com,active
1059,蔡志偉,RKFoj54658@csie.mail.com,active
1060,曾信宏,XlLrn61955@random.mail.org,active
1061,胡佩玲,BgtDu31495@example.com,active
1062,沈志誠,deqKu75299@random.mail.org,active
1063,潘志遠,fXuvo58838@random.mail.org,active
1064,宋志華,TcmWy25661@test.mail.com,active
1065,郭建國,RWlPp11872@test.mail.com,active
1066,郭明杰,QrUrk65894@example.com,active
1067,張志明,IyuYl43015@csie.mail.com,active
1068,陳雅雯,RNtBB54588@im.mail.com,active
1069,胡淑慧,vlXfr97568@random.mail.org,active
1070,岳志新,VFeGQ87997@example.com,active
1071,范思穎,HkpWC36829@example.com,active
1072,鄭俊傑,nlmtv52371@example.com,active
1073,黃淑芬,JbIQH73610@im.mail.com,active
1074,趙志偉,vLdkK31574@csie.mail.com,active
1075,韓心儀,KOIuJ59720@im.mail.com,active
1076,呂國平,kZWgr50320@example.com,active
1077,趙曉婷,WagOH96286@test.mail.com,active
1078,王欣怡,eFVGK80944@example.com,active
1079,江德明,cjspH12021@test.mail.com,active
1080,金雅文,UAJru69635@test.mail.com,active
1081,沈勝文,fklDW67464@example.com,active
1082,曾振華,KKVjZ07923@example.com,active
1083,岳國華,lNbUt37270@im.mail.com,active
1084,李俊文,Avymx85645@example.com,active
1085,曾明杰,TEBkK65373@im.mail.com,active
1086,傅怡伶,VVuHj31648@example.com,active
1087,范思穎,CGEiB71397@csie.mail.com,active
1088,廖偉倫,hjdoZ19088@random.mail.org,active
1089,柯麗芬,bWxKy46505@example.com,active
1090,宋家豪,wRwji06344@csie.mail.com,active
1091,余美惠,YrpWH00292@test.mail.com,active
1092,彭國基,McASM27685@random.mail.org,active
1093,孫雅玲,LlmYT73123@im.mail.com,active
1094,林文傑,uYdth04097@im.mail.com,active
1095,魏佳蓉,NPgOj07104@example.com,active
1096,謝佳慧,dNQky78174@random.mail.org,active
1097,劉國平,EzWGK03489@example.com,active
1098,馬志堅,GBRKJ17362@csie.mail.com,active
1099,方佩玲,eDxGI79678@im.mail.com,active
1100,傅信宏,wsQmT86066@example.com,active
1101,程雅雯,cUims99710@test.mail.com,active
1102,江怡君,kIAmx35851@test.mail.com,deleted
1103,范志堅,NAhNw21334@im.mail.com,active
1104,葉佳慧,XqiPJ13218@csie.mail.com,active
1105,江佩玲,etmUN56244@random.mail.org,active
1106,楊淑慧,LuwuH83146@test.mail.com,active
1107,楊玉君,YWkrh82655@test.mail.com,active
1108,蔡秀玲,mSFKO14534@random.mail.org,active
1109,鄭曉婷,xkzBd55824@example.com,active
1110,陳文豪,BmaVV05841@test.mail.com,active
1111,趙玉芬,cJMVj14876@test.mail.com,active
1112,韓淑華,SvWbs07389@im.mail.com,active
1113,周家豪,XwPyw04120@example.com,active
1114,程德明,dkKfV98853@im.mail.com,active
1115,柯勝文,SyNJc68467@random.mail.org,active
1116,許怡君,dryTC97041@csie.mail.com,active
1117,陳麗華,RvYFH56893@example.com,banned
1118,彭怡伶,FqlAv61888@csie.mail.com,active
1119,范志遠,OHHWg72163@example.com,deleted
1120,金建宏,USJIP88288@csie.mail.com,active
1121,曾佳雯,XxpuA85553@csie.mail.com,active
1122,王秀玲,rRjNN98154@test.mail.com,active
1123,田思穎,xfiRk08413@test.mail.com,active
1124,胡雅文,PcnvG05430@im.mail.com,active
1125,王俊傑,qqFHI42579@im.mail.com,active
1126,林志遠,WXxyS53327@im.mail.com,active
1127,鄭志誠,yorpf27178@random.mail.org,active
1128,李冠宇,cVfNJ65854@test.mail.com,active
1129,謝建宏,yIaEW05724@example.com,active
1130,廖志豪,yREXX91989@test.mail.com,active
1131,鄭志勇,rJpSR88973@csie.mail.com,active
1132,曾美惠,SFgSL21685@random.mail.org,active
1133,洪佩雯,smqFJ06020@im.mail.com,active
1134,林佩玲,KzDxD91574@test.mail.com,active
1135,江麗萍,xOCFU33069@test.mail.com,active
1136,呂俊宏,JieVi00180@im.mail.com,active
1137,許俊宏,xokwT51082@im.mail.com,active
1138,廖俊傑,HwEdm61334@csie.mail.com,active
1139,林俊宏,qNoBe55433@random.mail.org,active
1140,蘇秀芳,DUzZz62696@im.mail.com,active
1141,潘智翔,MlFKS10204@csie.mail.com,active
1142,王玉君,tLafZ07987@im.mail.com,deleted
1143,王志偉,CuuAK59771@random.mail.org,active
1144,謝志新,qBUqw08191@im.mail.com,active
1145,曾怡靜,BYcnW04804@test.mail.com,active
1146,鍾志豪,vFLtX40978@csie.mail.com,active
1147,金志成,MmhBF48656@test.mail.com,active
1148,范佳玲,QWjPh22708@csie.mail.com,active
1149,鄭信宏,vSIlx19668@csie.mail.com,deleted
1150,吳思穎,jWsih84794@im.mail.com,active
1151,韓勝文,SUlvu63651@csie.mail.com,active
1152,楊佳玲,iYnkI56501@random.mail.org,active
1153,柯心儀,RWVko11473@im.mail.com,active
1154,宋建宇,EPRPd17570@random.mail.org,active
1155,余文豪,qREdS05855@random.mail.org,active
1156,岳雅萍,drVaJ74335@random.mail.org,active
1157,傅俊文,lbCSz12068@csie.mail.com,active
1158,彭勝傑,BloSo44099@example.com,active
1159,傅宏志,weCrT01343@csie.mail.com,active
1160,林怡華,jKnwe68466@test.mail.com,active
1161,孫國平,CEnip98802@random.mail.org,active
1162,彭勝文,wNuOl18541@random.mail.org,active
1163,宋志豪,JlRGQ56133@csie.mail.com,active
1164,田玉珍,XJccA64948@example.com,active
1165,楊秀玲,hQChU41068@random.mail.org,active
1166,廖志明,zFPwG07335@test.mail.com,active
1167,黃國基,RXHJo68220@random.mail.org,deleted
1168,邱佩玲,FkZow81157@csie.mail.com,active
1169,鄭心儀,gGmhU79700@im.mail.com,active
1170,曾冠瑋,dfwZA50798@random.mail.org,active
1171,李淑芬,DQZjE86128@example.com,active
1172,岳志誠,CmRjt12630@random.mail.org,active
1173,金志新,jgNmB92732@test.mail.com,active
1174,楊志明,qspou57008@random.mail.org,active
1175,周怡伶,yJzPj65241@im.mail.com,active
1176,楊玉珍,HJJtD01182@csie.mail.com,active
1177,洪怡伶,dulZk54199@csie.mail.com,active
1178,謝麗萍,bTdaC23141@random.mail.org,active
1179,彭書瑋,uQhaR55545@csie.mail.com,active
1180,潘美霞,Mavwt10161@im.mail.com,active
1181,賴志堅,OZLwM15550@csie.mail.com,active
1182,曾婉婷,DoiUb91190@test.mail.com,active
1183,彭偉倫,gyfBQ80234@im.mail.com,deleted
1184,余俊宏,yUXOz01073@test.mail.com,active
1185,洪婉婷,AgpYi36853@random.mail.org,active
1186,陳振華,UIKBM99622@test.mail.com,active
1187,袁智豪,pZNrv44486@example.com,active
1188,蔡雅文,XuAcq23977@im.mail.com,active
1189,周麗華,rOeab27841@csie.mail.com,active
1190,許明杰,AoGQh06098@example.com,active
1191,楊淑華,ItMkf55823@im.mail.com,active
1192,楊欣怡,uqNWa72276@im.mail.com,active
1193,沈志峰,KqkmY84281@random.mail.org,active
1194,馬志成,RWuJi63573@csie.mail.com,active
1195,謝美玲,aIhAL19599@random.mail.org,active
1196,廖美霞,BBGwR45963@example.com,active
1197,岳智豪,yoQXW34636@random.mail.org,active
1198,許佩雯,AWFUY84466@test.mail.com,active
1199,賴淑珍,ZhgZj73431@im.mail.com,active
1200,許麗華,kmauU43086@example.com,active
1201,邱建國,xodpv72960@test.mail.com,active
1202,趙秀芳,hYicR61604@example.com,active
1203,劉俊傑,TTPjv53576@im.mail.com,active
1204,楊宜萱,tCwHo41534@test.mail.com,active
1205,程怡華,MWJWA03304@csie.mail.com,active
1206,岳書瑋,lvKeM19196@test.mail.com,active
1207,趙志新,XsyDM07599@im.mail.com,active
1208,江勝文,RWNzw54093@csie.mail.com,active
1209,曹建志,aaQui54603@test.mail.com,active
1210,蔡書瑋,jiFtS21984@csie.mail.com,active
1211,沈冠霖,khhaa67138@example.com,active
1212,孫文豪,xJFKR74967@im.mail.com,active
1213,宋志勇,tCcoW54767@example.com,active
1214,魏建輝,XOPWM61675@random.mail.org,active
1215,柯靜宜,IzoRb75335@example.com,active
1216,鍾國華,QKOyG54862@test.mail.com,deleted
1217,蘇文傑,MAcee05513@random.mail.org,active
1218,丁怡伶,nMqlp72695@test.mail.com,active
1219,馬明杰,otQLz73339@test.mail.com,deleted
1220,彭心儀,kdVpO06698@test.mail.com,active
1221,韓智勇,vGngQ16698@test.mail.com,active
1222,李志勳,GzwwJ85031@example.com,active
1223,葉文豪,bwmLo01484@test.mail.com,active
1224,洪志宇,QNnxU58805@im.mail.com,active
1225,孫書瑋,LTxvq62966@test.mail.com,active
1226,岳淑珍,yPizR56589@im.mail.com,active
1227,傅嘉豪,WMDRV65309@im.mail.com,active
1228,許秀英,THwif98882@random.mail.org,deleted
1229,潘怡伶,fINhn30868@random.mail.org,banned
1230,方俊傑,nrKwO29747@example.com,active
1231,岳玉君,JmUlx30762@random.mail.org,banned
1232,余淑娟,GqqfS27362@test.mail.com,active
1233,洪怡君,DlRGc35826@test.mail.com,active
1234,袁書瑋,JYVjR78857@im.mail.com,active
1235,潘麗華,hnnpZ56676@csie.mail.com,active
1236,傅志誠,sjJju46083@csie.mail.com,active
1237,岳玉君,tsPVi18355@im.mail.com,active
1238,柯若瑄,aWeCf26884@im.mail.com,active
1239,曾思穎,kJKcw28970@im.mail.com,banned
1240,趙志成,hWAxU96045@test.mail.com,active
1241,吳淑華,GCSMA48798@example.com,active
1242,曹美琪,coyKi80635@random.mail.org,active
1243,黃智豪,yJIEL44693@csie.mail.com,active
1244,馬惠美,JYcSx50401@example.com,active
1245,江書瑋,cONsG93248@im.mail.com,active
1246,葉美瑜,JcRRi98824@example.com,active
1247,黃雅玲,fqVsS05044@test.mail.com,active
1248,黃欣儀,kBrYM88776@test.mail.com,deleted
1249,柯德明,HMjzC39443@example.com,active
1250,胡國華,Lhzbw34488@im.mail.com,active
1251,洪怡欣,yaEYx83486@random.mail.org,active
1252,楊麗華,SetCf56128@im.mail.com,active
1253,張雅文,VlNrk29069@example.com,active
1254,馬淑芬,IKmLu62618@random.mail.org,active
1255,蔡俊傑,fLUch43225@random.mail.org,active
1256,吳智勇,tGwsf64386@im.mail.com,active
1257,袁美琪,WxykQ08946@test.mail.com,active
1258,謝志華,FVAcl82609@im.mail.com,active
1259,邱文傑,WBPJu69233@im.mail.com,active
1260,宋佳玲,XnzUG48560@im.mail.com,active
1261,余欣儀,mfLkM89097@im.mail.com,active
1262,丁宜芳,JqIKa68058@example.com,active
1263,郭志明,hQQng07700@csie.mail.com,active
1264,方宏傑,EzUqX35778@csie.mail.com,deleted
1265,魏惠美,UxBKO49608@csie.mail.com,active
1266,宋建銘,ybjfj76571@random.mail.org,active
1267,許智翔,YHJIr82004@im.mail.com,active
1268,韓欣儀,LNhed61351@random.mail.org,active
1269,趙建宏,welYa10991@test.mail.com,deleted
1270,白志勇,ZXKQV11907@im.mail.com,active
1271,張偉倫,lQAdQ04605@im.mail.com,active
1272,潘雅文,dQmEi13147@csie.mail.com,active
1273,呂志華,eFsrH96658@random.mail.org,active
1274,趙俊傑,HJMNo54229@csie.mail.com,active
1275,白志新,vGCac08434@test.mail.com,active
1276,王心儀,FwRJc46970@im.mail.com,active
1277,張國基,VbgUj21196@example.com,active
1278,韓玉珍,AaoID22289@csie.mail.com,active
1279,曹婉婷,Iznpv28068@example.com,active
1280,郭志豪,lOqnr33359@csie.mail.com,active
1281,潘振華,MHLGp60873@random.mail.org,active
1282,沈惠美,Etrrg51323@example.com,banned
1283,林思穎,vWAYo50968@random.mail.org,active
1284,岳志新,OYRMS89161@im.mail.com,active
1285,楊靜宜,OJUKo50800@csie.mail.com,active
1286,魏志新,KyADn78992@im.mail.com,active
1287,白冠霖,QHbtm01684@random.mail.org,active
1288,袁雅萍,IIfqA54600@csie.mail.com,active
1289,傅美惠,UeepG44288@test.mail.com,active
1290,黃靜宜,XmRCi11573@example.com,active
1291,宋麗華,jaYRH03483@csie.mail.com,banned
1292,陳建宇,nJWRL78668@random.mail.org,active
1293,陳怡欣,kWCOt93840@test.mail.com,active
1294,劉志勇,qAyNj46261@test.mail.com,active
1295,柯秀文,rpsMF61845@im.mail.com,active
1296,劉麗萍,RgEbK70242@test.mail.com,active
1297,楊怡華,fnacR96882@csie.mail.com,active
1298,楊美瑜,HKIgM46916@csie.mail.com,active
1299,邱冠霖,FAxnV67729@test.mail.com,active
1300,洪志偉,sPKKv44847@random.mail.org,active
1301,李若瑄,CXKHo43802@test.mail.com,active
1302,葉欣儀,bWkrY42191@example.com,active
1303,魏麗萍,PyMdP19575@test.mail.com,active
1304,黃德明,VsuBZ19142@csie.mail.com,active
1305,周文傑,YeHVH43213@im.mail.com,active
1306,葉玉君,CTLKh99215@random.mail.org,active
1307,彭麗萍,trDjR89410@example.com,active
1308,許佩玲,yfeVe16586@test.mail.com,active
1309,趙振華,YZzVa15877@csie.mail.com,active
1310,張信宏,Izhtn85735@example.com,active
1311,郭怡君,uqvPt82087@test.mail.com,active
1312,吳書瑋,bQROW49079@random.mail.org,active
1313,馬文豪,GDSjH63644@random.mail.org,active
1314,潘家豪,emkBs67950@example.com,active
1315,楊惠美,misDE73676@random.mail.org,active
1316,胡建輝,OwENE44311@example.com,active
1317,白文豪,TXRTS78086@random.mail.org,active
1318,周佩雯,YkLbB16143@im.mail.com,active
1319,周國華,JQbcj05264@example.com,active
1320,林家瑋,xlVJd76664@im.mail.com,active
1321,白麗芬,egQRH83816@csie.mail.com,active
1322,楊信宏,MkGjj18128@example.com,active
1323,余淑珍,YTLJL77947@example.com,active
1324,賴淑華,zXuIy72775@random.mail.org,active
1325,曹國基,CzsTL29307@csie.mail.com,active
1326,丁玉珍,thOCX22384@random.mail.org,active
1327,曹美玲,EyKuE86336@test.mail.com,active
1328,趙雅婷,zbInu32697@csie.mail.com,active
1329,周家瑋,MgDpA49104@example.com,active
1330,傅德明,UIxoc80357@example.com,active
1331,王玉珍,KaKRZ52458@csie.mail.com,active
1332,吳信宏,TuBqs61364@test.mail.com,active
1333,郭志威,JoIbh05704@csie.mail.com,active
1334,孫宏志,xycuy10811@random.mail.org,active
1335,周美玲,Xcnxb50514@random.mail.org,active
1336,洪雅玲,YAdKd47235@example.com,active
1337,鍾麗萍,XksTK93987@random.mail.org,active
1338,蔡建國,RZhMN26753@im.mail.com,active
1339,謝志傑,fvABv43727@example.com,active
1340,魏曉婷,aREXp36234@csie.mail.com,active
1341,田俊傑,MBDwJ65073@im.mail.com,banned
1342,陳欣儀,MQORY36790@example.com,active
1343,郭明樺,uFpOz19383@test.mail.com,active
1344,韓勝傑,kqqAI73396@csie.mail.com,active
1345,彭淑華,pkYfn48393@csie.mail.com,banned
1346,岳勝文,BJaGL54177@im.mail.com,active
1347,楊德明,lSJrf01894@im.mail.com,active
1348,楊若瑄,HaZvV59949@im.mail.com,active
1349,賴怡君,AQjdh95661@test.mail.com,active
1350,周雅文,uQxPk38633@test.mail.com,deleted
1351,方玉珍,TbNUF58693@csie.mail.com,active
1352,田志華,uGwFs32898@random.mail.org,active
1353,邱麗萍,YiQEk97844@im.mail.com,active
1354,許志堅,jJlFE21112@example.com,active
1355,王美霞,GilFg31228@im.mail.com,active
1356,黃淑珍,GFfxx06056@random.mail.org,active
1357,張俊傑,SwPyq85087@csie.mail.com,active
1358,袁靜宜,KSxvN79386@example.com,active
1359,傅文豪,ahgdb52016@random.mail.org,active
1360,沈俊文,xPnad16235@csie.mail.com,active
1361,余建宏,MpjKc69909@random.mail.org,active
1362,林志勇,PibKD39011@im.mail.com,active
1363,傅淑珍,MxxDo59940@csie.mail.com,active
1364,潘麗華,vSYqy44625@test.mail.com,active
1365,楊淑慧,zXKxs54144@example.com,active
1366,謝宜萱,TJANa56330@example.com,active
1367,魏雅萍,YOgbW59086@im.mail.com,active
1368,方美瑜,kNVnC72250@example.com,active
1369,白志誠,LHgpP38274@example.com,active
1370,賴書瑋,xZWFP60038@random.mail.org,active
1371,陳秀文,lHQvL32511@example.com,active
1372,曾俊文,kQLQz91699@im.mail.com,active
1373,方欣儀,sSLvx02695@test.mail.com,active
1374,李麗芬,WTCQs98179@random.mail.org,active
1375,田淑華,AvKCW31084@example.com,active
1376,方俊傑,XgRBn29117@random.mail.org,banned
1377,曹志成,sciNB41513@test.mail.com,active
1378,馬曉婷,DZwxf14278@example.com,active
1379,劉冠宇,ykOcE43197@test.mail.com,active
1380,潘家豪,LDaWH81121@im.mail.com,active
1381,楊秀芳,lKKOH80065@test.mail.com,active
1382,金勝傑,BmZRe07544@im.mail.com,active
1383,趙宏志,BGWsT71050@random.mail.org,active
1384,魏雅玲,Eerra23038@test.mail.com,active
1385,沈國華,tMzIo75627@random.mail.org,active
1386,黃建銘,KSVrm95980@csie.mail.com,active
1387,周佳蓉,xCMCY32959@csie.mail.com,active
1388,李冠霖,KdoGm87780@example.com,active
1389,謝志遠,FMNEl49172@test.mail.com,active
1390,金志明,lNIQN09341@im.mail.com,active
1391,邱俊傑,kIXGU79377@test.mail.com,active
1392,曹雅萍,SUayO54182@test.mail.com,active
1393,郭建國,YAYEw76496@csie.mail.com,active
1394,白雅婷,cqioe86028@test.mail.com,active
1395,張志威,jBgSm69111@example.com,active
1396,魏雅萍,wghLj95252@random.mail.org,active
1397,趙靜宜,tshrf10904@test.mail.com,active
1398,鄭麗芬,yPtIU53588@test.mail.com,active
1399,楊勝文,DKGCT47061@random.mail.org,deleted
1400,韓怡伶,NCBFd20045@example.com,active
1401,邱佳慧,PSpzo07540@example.com,active
1402,廖宜芳,AlvkU86284@example.com,active
1403,楊家豪,iyBcb69516@test.mail.com,active
1404,張宜萱,okFcd04785@example.com,banned
1405,林雅文,zYkzv17029@im.mail.com,active
1406,范書瑋,YGpuB61745@test.mail.com,active
1407,邱美霞,RNEXJ63946@test.mail.com,active
1408,江怡君,ycowe03599@example.com,active
1409,范書瑋,rlrfS20571@csie.mail.com,deleted
1410,曾麗華,jaclU92752@test.mail.com,active
1411,余嘉豪,LANaU98945@example.com,active
1412,柯家豪,asRys42380@example.com,active
1413,胡勝文,kQHRf20009@example.com,active
1414,許怡華,fSNtH41693@random.mail.org,active
1415,岳志新,FUBVI48542@example.com,active
1416,傅淑娟,AAsbT78808@test.mail.com,active
1417,孫麗華,DKtKp45782@csie.mail.com,active
1418,邱冠宇,CBRMe41873@test.mail.com,active
1419,謝靜宜,YbhLp06708@example.com,active
1420,郭勝文,tGrRB38057@test.mail.com,active
1421,余書瑋,MUATu21046@random.mail.org,active
1422,柯宏傑,AnjUT79679@random.mail.org,active
1423,沈偉倫,Jabat42980@random.mail.org,active
1424,曾志峰,Indtb57054@random.mail.org,active
1425,蘇婉婷,aTMKR13981@csie.mail.com,active
1426,吳志新,qeHrd62760@csie.mail.com,active
1427,周雅雯,MiUNH85369@im.mail.com,banned
1428,岳淑娟,BWGQZ04327@random.mail.org,active
1429,袁文傑,zjYkI16428@test.mail.com,active
1430,邱怡君,uhaxW28167@example.com,active
1431,胡怡君,BCRsj77223@example.com,active
1432,田書瑋,HXwzS76766@im.mail.com,active
1433,許明樺,MOHpg39301@csie.mail.com,active
1434,江佳蓉,HmMsz46647@example.com,active
1435,黃雅婷,MuVcZ37735@example.com,active
1436,白志峰,iiiFw76272@random.mail.org,active
1437,柯德明,YBEnE24158@random.mail.org,active
1438,丁志宇,wBAbV14984@im.mail.com,active
1439,胡宜芳,EtFeU33611@test.mail.com,active
1440,白宏傑,QxvVS44198@test.mail.com,active
1441,白雅雯,ZCHjO27216@csie.mail.com,active
1442,田俊傑,mIlsi96134@example.com,active
1443,呂嘉豪,BwkJN83526@im.mail.com,active
1444,蘇秀文,yIwNC78046@example.com,active
1445,江怡華,KApRm58889@csie.mail.com,active
1446,趙冠霖,dKPtc39608@im.mail.com,active
1447,楊明樺,mxaZN69980@test.mail.com,active
1448,柯佳雯,wFUjd35249@im.mail.com,active
1449,洪明樺,qrypM69922@example.com,active
1450,孫美瑜,qxprP02460@random.mail.org,active
1451,彭書瑋,LBhRE10558@im.mail.com,banned
1452,謝建宇,vPJYm80674@test.mail.com,active
1453,賴淑珍,QlkKN36921@csie.mail.com,active
1454,馬嘉豪,eXDHL66585@example.com,active
1455,宋志偉,ZTqXl42838@csie.mail.com,active
1456,陳淑珍,fpncS64490@im.mail.com,active
1457,曹怡欣,ljDHy38651@random.mail.org,active
1458,林玉芬,gUoAP41888@im.mail.com,active
1459,孫怡欣,FsNPT36448@csie.mail.com,active
1460,丁怡華,QhtYo01661@random.mail.org,active
1461,魏宏傑,TdYkn26962@csie.mail.com,active
1462,張若瑄,UCxaK53767@example.com,active
1463,余志偉,TYBtl77680@test.mail.com,active
1464,袁靜宜,Xzrxp07938@random.mail.org,active
1465,趙信宏,EUvHX06197@example.com,active
1466,李建志,WwrAO58247@csie.mail.com,active
1467,曾志華,vyhAO31903@random.mail.org,active
1468,楊志成,VGAKq14805@random.mail.org,active
1469,許家豪,VuRCo39385@csie.mail.com,active
1470,魏書瑋,uQFIf35923@example.com,active
1471,方淑華,MhFux21172@test.mail.com,banned
1472,蘇文傑,MtuYB59162@csie.mail.com,active
1473,鍾智勇,oSRVq99675@csie.mail.com,active
1474,程志威,angWN54041@random.mail.org,active
1475,余建銘,SbFlD92320@im.mail.com,active
1476,吳秀芳,BOLQp15962@example.com,active
1477,曾俊文,qMdTk90522@random.mail.org,active
1478,曹志峰,UdmiA12687@csie.mail.com,active
1479,趙明杰,wIqCi74722@test.mail.com,active
1480,周佳慧,MDViF42289@csie.mail.com,active
1481,余志峰,tuftK31731@example.com,active
1482,林書瑋,GoOKT75989@csie.mail.com,active
1483,江麗華,CtUTC00626@random.mail.org,active
1484,余國平,hOMgl84024@im.mail.com,active
1485,潘建宇,ocMMu78205@im.mail.com,active
1486,蘇欣怡,OqmDO61166@csie.mail.com,active
1487,胡冠宇,cZusy63678@random.mail.org,active
1488,黃惠美,LKqhx94710@random.mail.org,active
1489,張思穎,bampk85839@random.mail.org,active
1490,李佳慧,ENXVe72431@csie.mail.com,active
1491,潘勝傑,rciMO74657@im.mail.com,active
1492,韓怡伶,aAKRT28410@random.mail.org,active
1493,李國平,rwmHK47507@test.mail.com,active
1494,謝佳雯,jttRa02847@example.com,active
1495,鍾佳慧,olTgp56304@im.mail.com,active
1496,白志遠,VaAxt39945@example.com,active
1497,余國強,YlaeC99398@example.com,active
1498,謝俊傑,rFCcS40044@random.mail.org,active
1499,方志誠,gypMw20358@random.mail.org,active
1500,范勝文,BeFVc50784@csie.mail.com,deleted
1501,謝怡華,IfiLW28412@example.com,active
1502,葉志華,ipVhx00491@im.mail.com,active
1503,孫佳蓉,YEeuR76917@random.mail.org,active
1504,江心儀,cKTxu01884@test.mail.com,active
1505,江欣怡,UHgfX98921@im.mail.com,active
1506,楊靜宜,hKZhZ98526@test.mail.com,active
1507,李建宏,uCQjj58489@test.mail.com,active
1508,程建國,hnlDp30775@example.com,deleted
1509,韓宜萱,pDSbr58036@csie.mail.com,active
1510,宋佳玲,mgDtS65461@test.mail.com,active
1511,陳美瑜,FLBrD42026@example.com,active
1512,金偉倫,WUoLL13575@example.com,active
1513,劉志誠,kocWW40862@test.mail.com,active
1514,王思穎,MMRql29073@csie.mail.com,active
1515,賴勝文,zFAIb47049@example.com,active
1516,金志偉,TPPgc58952@im.mail.com,active
1517,傅俊文,peHGv21184@example.com,active
1518,韓建志,cTlaP52312@im.mail.com,active
1519,廖惠美,fwceT52592@example.com,active
1520,程若瑄,kEwml77108@test.mail.com,active
1521,陳秀芳,fGsPt71508@im.mail.com,active
1522,曾玉珍,uSmuk44729@example.com,active
1523,鍾佳雯,CDzpI57864@csie.mail.com,banned
1524,沈玉芬,MxmPG00218@im.mail.com,active
1525,趙淑珍,yHkBT97279@im.mail.com,active
1526,宋志遠,gWLup35728@test.mail.com,active
1527,田建輝,ksvZK50271@random.mail.org,active
1528,彭信宏,Vovaq32901@test.mail.com,active
1529,趙美玲,jGkLs79914@example.com,active
1530,傅若瑄,HbhYW40782@test.mail.com,active
1531,廖家豪,BdGnY14546@im.mail.com,banned
1532,邱淑娟,hUZIw52872@test.mail.com,active
1533,趙建輝,ZMkIv59723@csie.mail.com,active
1534,郭怡君,uSmsh65305@random.mail.org,active
1535,林文傑,TAPxb43010@random.mail.org,active
1536,洪欣怡,rWyBe23590@csie.mail.com,deleted
1537,沈怡靜,QSLUq76944@random.mail.org,active
1538,范雅玲,bihtg09444@random.mail.org,deleted
1539,楊雅文,KSckn90998@random.mail.org,active
1540,蔡佳玲,nITnS20747@test.mail.com,active
1541,周佳雯,oIicd48821@random.mail.org,active
1542,田國平,gyPIO20419@example.com,active
1543,劉信宏,QeIFC20242@example.com,active
1544,劉美琪,mlKZm58088@random.mail.org,active
1545,楊勝傑,HENXX65832@random.mail.org,banned
1546,林心儀,ehztc22639@example.com,active
1547,程志峰,kugYI15428@example.com,active
1548,曾美霞,iaOwM28010@example.com,active
1549,蘇智豪,Lvqxj31762@test.mail.com,active
1550,許怡華,wImze18933@im.mail.com,active
1551,楊智豪,AkIGM11181@csie.mail.com,active
1552,劉德明,DpuPr70504@test.mail.com,active
1553,田建輝,ljbMb43548@random.mail.org,active
1554,賴曉婷,sBhmK80528@im.mail.com,active
1555,曾美瑜,zRqtx84911@im.mail.com,active
1556,趙麗萍,FNVrL03068@test.mail.com,active
1557,周雅萍,ubCIP99172@test.mail.com,active
1558,趙怡伶,qjACt16688@im.mail.com,active
1559,程雅萍,qzVVr54382@csie.mail.com,active
1560,傅建志,dwJdH48123@im.mail.com,active
1561,程家豪,mHCWB37988@csie.mail.com,active
1562,魏冠宇,MFRRC62715@im.mail.com,active
1563,范雅雯,YVQCd38949@csie.mail.com,active
1564,葉若瑄,bMyIW16316@im.mail.com,active
1565,楊佩玲,fmFZa11042@random.mail.org,active
1566,許德明,FhJhV38145@im.mail.com,active
1567,金智豪,rzrSB85127@im.mail.com,active
1568,葉怡華,NcSgc93853@random.mail.org,active
1569,魏志誠,ADNZI65551@example.com,active
1570,葉美瑜,WSQUA69914@test.mail.com,active
1571,范志豪,kUeys77910@example.com,active
1572,丁冠霖,KpfDX41005@im.mail.com,active
1573,胡淑娟,issRR69901@random.mail.org,active
1574,蔡靜宜,qhcMS83494@im.mail.com,banned
1575,郭婉婷,qvlBE54372@test.mail.com,active
1576,周思穎,BJHfm91563@csie.mail.com,active
1577,林美琪,UbGhu63320@random.mail.org,active
1578,謝嘉豪,HARGS69774@im.mail.com,active
1579,王心儀,hzpZs72499@test.mail.com,active
1580,楊玉君,nnycH89863@random.mail.org,active
1581,邱家瑋,QDuNp59397@test.mail.com,deleted
1582,賴思妍,PktNe58502@test.mail.com,active
1583,鄭智勇,QOWKG05120@im.mail.com,active
1584,王雅婷,nZxBc54356@test.mail.com,active
1585,胡志成,EXUBy29048@test.mail.com,active
1586,洪怡伶,RKlnx89421@csie.mail.com,active
1587,蔡志新,jaYoE50019@csie.mail.com,active
1588,曹俊宏,tyDNc61717@im.mail.com,active
1589,趙信宏,RaCGg82023@random.mail.org,active
1590,岳志華,lDWQn94349@example.com,active
1591,魏宜萱,RwoDO68575@example.com,deleted
1592,余文豪,NvKam01439@csie.mail.com,active
1593,傅宏志,mtric15569@test.mail.com,active
1594,孫玉君,AwkWe49265@example.com,active
1595,許佩雯,zKvDo95100@csie.mail.com,active
1596,柯宏志,ScgQm88687@test.mail.com,active
1597,楊國平,GxdWU72992@example.com,active
1598,方國基,TytCm36760@test.mail.com,active
1599,趙怡伶,wRIWc53377@example.com,active
1600,趙麗萍,sZmAj69169@csie.mail.com,active
1601,郭家瑋,tIEoq94980@csie.mail.com,active
1602,孫建志,ugOEW97383@random.mail.org,active
1603,白雅婷,zYhAg27571@im.mail.com,active
1604,周怡君,skpSD90221@random.mail.org,deleted
1605,魏智翔,azSjT39658@csie.mail.com,active
1606,王美琳,UrASd06676@example.com,active
1607,鍾宜萱,UoYky62667@example.com,active
1608,洪佩玲,BWOYS30115@csie.mail.com,active
1609,蘇佳雯,fMwnw29367@im.mail.com,active
1610,田佩雯,ITBoM67610@test.mail.com,active
1611,楊若瑄,bIqjM31815@random.mail.org,active
1612,魏怡欣,tFClY80488@example.com,active
1613,韓德明,jSrUC41267@random.mail.org,active
1614,范美霞,TecYl41175@test.mail.com,active
1615,金怡靜,aKhYS33012@test.mail.com,active
1616,洪雅雯,rlhZb46321@test.mail.com,active
1617,黃嘉豪,frttP29074@im.mail.com,active
1618,韓建志,cDUxY91810@random.mail.org,active
1619,張國基,rTCGW72654@csie.mail.com,active
1620,田志勳,fQbrH76231@im.mail.com,active
1621,蔡明杰,BpkMz31079@csie.mail.com,deleted
1622,郭淑華,ipiyn41546@example.com,active
1623,邱建國,PkNKU04049@example.com,active
1624,胡宏志,euOaL71645@im.mail.com,active
1625,林思穎,IqkDF20732@test.mail.com,active
1626,賴惠美,KPnuR22468@example.com,active
1627,郭國強,fWMFY54317@example.com,active
1628,張秀芳,uWBjd74023@random.mail.org,active
1629,洪宜萱,jlaXl57619@im.mail.com,active
1630,丁志偉,HvNfl53923@test.mail.com,active
1631,金國平,rGyVj72468@csie.mail.com,active
1632,鍾怡君,fsyRF95780@csie.mail.com,active
1633,趙淑珍,nTEls62600@example.com,active
1634,馬冠霖,vvxGf20115@random.mail.org,active
1635,馬佳雯,oqsWP02550@im.mail.com,active
1636,方若瑄,RCgWd54809@csie.mail.com,active
1637,廖淑慧,UbHSV64577@test.mail.com,active
1638,楊欣儀,lbGOe15732@random.mail.org,active
1639,范志威,nrkmy57912@test.mail.com,active
1640,方淑珍,XTqui57913@csie.mail.com,active
1641,沈美玲,gbfDj01630@csie.mail.com,active
1642,蘇靜宜,MhkBo69068@test.mail.com,active
1643,張秀英,JauQH21187@im.mail.com,active
1644,許佩玲,qprls08117@csie.mail.com,active
1645,程俊傑,haBdQ76646@random.mail.org,active
1646,潘秀芳,voQTe01500@random.mail.org,active
1647,廖雅萍,HgPry99881@random.mail.org,active
1648,傅偉倫,yiHUs53352@random.mail.org,banned
1649,周惠美,NVbGP82447@example.com,active
1650,曾冠瑋,jJyoc70186@random.mail.org,active
1651,謝志華,YrHPI02274@random.mail.org,deleted
1652,白秀英,xIiKp71966@im.mail.com,active
1653,張佳玲,YRzQx59310@csie.mail.com,active
1654,余美琪,SKYDV33758@im.mail.com,active
1655,林雅文,LmZHl87029@random.mail.org,active
1656,方若瑄,gAnFZ79233@im.mail.com,active
1657,宋麗芬,PjHHj71650@csie.mail.com,deleted
1658,楊玉芬,ZmxAU31595@test.mail.com,active
1659,鄭志遠,rBppF00515@example.com,active
1660,楊文豪,wLzFb80151@csie.mail.com,active
1661,許淑華,dqhGx00249@random.mail.org,active
1662,郭心儀,PvjWC37058@random.mail.org,active
1663,蘇建輝,xEzbH57810@random.mail.org,active
1664,彭勝傑,uiAJn67919@im.mail.com,active
1665,宋宏志,AFTEw05904@im.mail.com,active
1666,范志宇,gSJsX61543@random.mail.org,active
1667,余志偉,CyKiY86236@csie.mail.com,active
1668,蘇智豪,rfSKs15218@test.mail.com,active
1669,宋建志,grUlk78157@example.com,deleted
1670,宋國華,vQhsX05715@csie.mail.com,active
1671,金雅玲,GHwXP10134@random.mail.org,active
1672,廖雅玲,qmUUw83264@im.mail.com,active
1673,林偉倫,brzaW11235@csie.mail.com,active
1674,陳雅雯,CCjsv21193@test.mail.com,active
1675,葉家豪,jYohw36255@csie.mail.com,active
1676,李明樺,ubkFH60809@random.mail.org,active
1677,鄭嘉豪,cxDBZ59023@random.mail.org,deleted
1678,葉建宏,XfJtI23356@csie.mail.com,active
1679,余志新,mThdY28032@im.mail.com,active
1680,岳惠美,tonKq78560@test.mail.com,active
1681,馬宜芳,rKFHQ02429@csie.mail.com,active
1682,張靜宜,KAdYM34720@example.com,active
1683,丁欣怡,DTlNx70357@im.mail.com,active
1684,吳麗萍,mCfSz41563@example.com,active
1685,陳玉珍,nyGdR90313@csie.mail.com,active
1686,柯志勳,maqpu05479@test.mail.com,active
1687,楊俊文,ZjLcJ13861@random.mail.org,active
1688,蔡惠美,zYMvW74516@csie.mail.com,active
1689,韓怡君,UPmiK09919@im.mail.com,active
1690,金美霞,WYeCw90576@csie.mail.com,active
1691,楊美惠,nAnfc42761@random.mail.org,active
1692,馬麗華,xksrY81542@example.com,active
1693,蘇冠瑋,umaqs05010@test.mail.com,active
1694,程志華,OoGQl62470@example.com,active
1695,韓雅文,bsEhX86281@example.com,active
1696,江欣怡,hUdtu62959@test.mail.com,active
1697,胡怡君,RYBYa89952@example.com,active
1698,楊志成,rMKzK37479@csie.mail.com,active
1699,丁欣怡,KBPEt15169@csie.mail.com,active
1700,周明杰,vIffK91817@example.com,active
1701,鍾雅玲,EaKBE37537@test.mail.com,active
1702,岳俊宏,dYrah13420@random.mail.org,active
1703,李建志,ISbHH39115@test.mail.com,active
1704,蘇俊文,kyzya14983@im.mail.com,active
1705,郭志傑,hccta12392@test.mail.com,active
1706,廖秀文,ahzqy91222@random.mail.org,active
1707,丁德明,NRnEF00919@csie.mail.com,active
1708,韓宏傑,nHgqV92657@csie.mail.com,active
1709,趙雅雯,AhCaI85600@csie.mail.com,deleted
1710,劉國強,ngYeE90862@test.mail.com,active
1711,陳志傑,MKjmD64835@random.mail.org,active
1712,張志華,yOnAe97294@example.com,active
1713,韓美霞,ojYsK86009@random.mail.org,active
1714,宋欣怡,YbPOq10113@random.mail.org,active
1715,曹若瑄,gnMfl13664@csie.mail.com,deleted
1716,傅勝傑,mvsRG01500@csie.mail.com,active
1717,曾志明,doyOe20709@random.mail.org,active
1718,洪冠霖,BmPJp79523@random.mail.org,active
1719,劉怡欣,pXcbn42256@example.com,active
1720,李勝傑,kkWBT24583@random.mail.org,active
1721,江美瑜,YDCiw42568@example.com,active
1722,吳心儀,YvDpU72856@example.com,active
1723,郭書瑋,pIoWo95700@random.mail.org,active
1724,劉偉倫,wHSKp15335@example.com,active
1725,呂美琪,zrOAp32379@random.mail.org,active
1726,謝志威,VVhVA57887@im.mail.com,active
1727,蔡志誠,SzMyM22974@im.mail.com,active
1728,趙文豪,CUBzk33720@csie.mail.com,active
1729,林文傑,odKJm82997@csie.mail.com,active
1730,江國華,aseoi13047@test.mail.com,active
1731,劉佩雯,GnsTh33075@example.com,active
1732,楊美玲,Rwknh00922@csie.mail.com,active
1733,胡若瑄,Eosio71458@csie.mail.com,active
1734,余佩玲,qLScR51700@test.mail.com,active
1735,丁怡華,bdVNj02870@im.mail.com,active
1736,魏玉珍,qetxX49486@csie.mail.com,deleted
1737,蘇怡華,BITht04218@csie.mail.com,active
1738,黃佳雯,aKYHB30174@csie.mail.com,active
1739,袁建志,rDvWl51342@test.mail.com,deleted
1740,周淑慧,gMCHx57433@im.mail.com,active
1741,黃美琳,ozaJH23830@example.com,active
1742,傅冠瑋,JYUYy18383@im.mail.com,active
1743,胡宏志,lutAZ92643@im.mail.com,active
1744,程麗萍,tItWJ27449@im.mail.com,active
1745,吳冠霖,ONxrJ95735@csie.mail.com,active
1746,曹美惠,WteBh70375@test.mail.com,active
1747,宋美琳,mPuHz11265@im.mail.com,active
1748,葉明杰,QlkBj29171@random.mail.org,active
1749,曹志成,uyBbj92165@example.com,active
1750,岳雅玲,FKjFR42249@im.mail.com,active
1751,周信宏,lFKdt06291@csie.mail.com,active
1752,彭惠美,KmMGu89705@csie.mail.com,active
1753,金勝傑,SUSUv33436@im.mail.com,active
1754,蘇國強,YsUdj17332@im.mail.com,active
1755,傅文傑,tcvMt01427@example.com,active
1756,田俊文,rrwhj54168@test.mail.com,active
1757,鄭怡華,TzDIh90197@example.com,active
1758,柯佳蓉,HzIVw20376@random.mail.org,active
1759,蔡淑慧,ZbTLQ98208@test.mail.com,active
1760,余振華,quxIt13621@im.mail.com,active
1761,田秀芳,pHpBq60816@csie.mail.com,active
1762,丁雅萍,CyOyU37913@random.mail.org,active
1763,周秀玲,xjjqO33058@test.mail.com,active
1764,林佳慧,peqPT70644@test.mail.com,active
1765,田欣怡,LszWg80587@csie.mail.com,active
1766,趙家豪,JyMej21462@random.mail.org,active
1767,范佳玲,ilNdL46102@im.mail.com,active
1768,林勝文,jWaKd97791@example.com,active
1769,余信宏,YNLEl12956@csie.mail.com,active
1770,丁建宇,mEuzl69198@random.mail.org,active
1771,范秀芳,JOzUU24551@random.mail.org,active
1772,田建銘,tGlnt07039@random.mail.org,active
1773,邱志勳,SmdCa26424@random.mail.org,banned
1774,鍾家豪,UqOGs80929@csie.mail.com,active
1775,曹志新,yLqFi98051@random.mail.org,active
1776,李國強,LztRj25785@im.mail.com,active
1777,岳建輝,VsGPa72611@test.mail.com,active
1778,傅淑芬,TJxkK48146@test.mail.com,active
1779,蔡欣儀,cAhOu33910@test.mail.com,active
1780,謝淑珍,cMshd23485@csie.mail.com,active
1781,廖俊傑,iRyja27943@csie.mail.com,active
1782,張建志,WBVUH07151@test.mail.com,deleted
1783,劉怡欣,WdGKo46384@test.mail.com,active
1784,蔡信宏,jPHeD92561@example.com,active
1785,蔡淑慧,QjgNS17580@test.mail.com,banned
1786,呂美瑜,YlWiW04898@csie.mail.com,active
1787,孫嘉豪,TkifU81157@im.mail.com,active
1788,沈智翔,kSXQs65459@random.mail.org,active
1789,金雅婷,nzEaj14369@test.mail.com,active
1790,白建志,XWBWt74504@im.mail.com,active
1791,岳志偉,NTWyC03565@example.com,active
1792,岳怡欣,CIUth98346@csie.mail.com,deleted
1793,柯建宏,KVith87606@example.com,active
1794,宋志新,IKImc92174@example.com,active
1795,林智翔,JLpDw92945@im.mail.com,active
1796,袁佩雯,deDpJ06353@im.mail.com,deleted
1797,馬書瑋,aawZe37646@random.mail.org,active
1798,呂志峰,fjubv91621@im.mail.com,active
1799,江欣怡,Ckelh74108@random.mail.org,active
1800,鍾國強,zacRl01506@im.mail.com,active
1801,岳志偉,vtzbn00372@example.com,active
1802,曾雅婷,DncLW06223@im.mail.com,active
1803,傅佩玲,BqGMy15271@test.mail.com,active
1804,范冠瑋,SYYHe69147@im.mail.com,active
1805,江欣怡,ZJLfV07317@csie.mail.com,active
1806,周冠霖,UFgFP66994@random.mail.org,active
1807,楊志勳,oqcCN49465@im.mail.com,active
1808,魏雅萍,mHGif56725@test.mail.com,active
1809,黃玉君,lcryU17035@im.mail.com,active
1810,許志豪,xlObw81644@csie.mail.com,active
1811,丁美霞,bTmiD91450@test.mail.com,active
1812,呂建宏,xmJkl69344@im.mail.com,active
1813,黃怡君,wIzHH35294@test.mail.com,active
1814,許佩玲,ABaOW69530@csie.mail.com,active
1815,林怡欣,DpPBP25090@im.mail.com,deleted
1816,吳佳雯,xXiSB41707@test.mail.com,active
1817,田若瑄,mljHp02155@test.mail.com,active
1818,田建志,FLeHs74497@im.mail.com,active
1819,余若瑄,MFdqk50185@test.mail.com,active
1820,楊宏傑,qpETz78488@example.com,active
1821,李俊傑,RatWp05878@csie.mail.com,active
1822,邱俊文,KxDeR47287@random.mail.org,active
1823,葉美霞,OcmFT72466@im.mail.com,deleted
1824,胡志宇,XXhWJ20834@random.mail.org,active
1825,林文豪,GuHfe65031@csie.mail.com,deleted
1826,金勝傑,evvkx83815@im.mail.com,active
1827,曹怡君,jvtgZ46516@csie.mail.com,active
1828,謝佩雯,HEqYn65307@im.mail.com,active
1829,范嘉豪,UtRBl10622@csie.mail.com,active
1830,鄭建宇,togRc07310@example.com,banned
1831,蘇怡華,uWjwX53702@im.mail.com,active
1832,馬文傑,qefjm67072@test.mail.com,active
1833,黃勝文,wyQoR35268@im.mail.com,active
1834,白宜芳,ursxV09575@csie.mail.com,active
1835,葉淑珍,VRMwi80995@random.mail.org,active
1836,洪建宏,JMEhe08259@im.mail.com,banned
1837,邱麗華,KbybV51742@im.mail.com,deleted
1838,丁惠美,KvVDt15839@example.com,deleted
1839,郭心儀,gmkQW90898@test.mail.com,active
1840,韓建銘,UQIuk09986@test.mail.com,active
1841,江雅婷,bGqfg57111@random.mail.org,active
1842,廖怡靜,Xfahx45842@example.com,active
1843,孫佳雯,dvKVd24095@csie.mail.com,active
1844,陳嘉豪,VgDMB59744@im.mail.com,active
1845,謝宏志,gFixm34013@im.mail.com,active
1846,李文傑,DTXHU73577@random.mail.org,active
1847,邱志偉,RDjKZ51841@random.mail.org,active
1848,邱文傑,BYNdm54345@csie.mail.com,active
1849,潘俊傑,iUuBO53998@csie.mail.com,active
1850,蘇志豪,saAxa71050@test.mail.com,active
1851,許勝傑,LxtoA95080@random.mail.org,active
1852,方淑娟,LnRIO16728@example.com,active
1853,曾淑芬,lKZgI37391@test.mail.com,active
1854,鍾國平,pLVHR67814@im.mail.com,active
1855,葉志堅,yMBCJ15933@csie.mail.com,active
1856,邱冠霖,stZBk72964@example.com,active
1857,許麗芬,aqprr09495@example.com,active
1858,白建國,WuUBI44798@example.com,banned
1859,廖家豪,GuSrs42623@example.com,active
1860,余佳雯,bdedq23432@test.mail.com,active
1861,周宜芳,Dnlfz40403@test.mail.com,active
1862,鍾文傑,zeTHD34735@random.mail.org,active
1863,黃靜宜,ZmKpT59560@im.mail.com,active
1864,蔡怡欣,GnDFb03466@example.com,active
1865,白佳雯,QXxNg26806@test.mail.com,active
1866,彭冠瑋,eboym78176@random.mail.org,active
1867,蔡文傑,tPBtj30393@example.com,active
1868,曹怡華,NCaqY59257@test.mail.com,active
1869,曹志宇,QgTxj60128@csie.mail.com,active
1870,彭秀文,cmuoB54958@test.mail.com,active
1871,胡家豪,AeoYA17487@example.com,active
1872,蔡玉芬,lUtTu49088@csie.mail.com,active
1873,吳振華,JECBh99025@test.mail.com,active
1874,魏俊文,PYaPQ01340@csie.mail.com,active
1875,田國平,fnbji91884@csie.mail.com,active
1876,曾俊文,FsaRy31436@csie.mail.com,active
1877,魏志宇,gSgdy99102@im.mail.com,active
1878,程雅婷,LPJbt81250@random.mail.org,active
1879,袁嘉豪,ioYAe05415@random.mail.org,active
1880,趙信宏,lXQwi12100@example.com,active
1881,袁美琳,WrHDE47798@random.mail.org,active
1882,廖麗華,Lyyrt44272@example.com,active
1883,賴冠霖,tdJgz22950@example.com,active
1884,丁秀芳,AZkrF00351@test.mail.com,active
1885,孫秀文,vszlM35635@test.mail.com,active
1886,楊嘉豪,zqtSb42824@random.mail.org,active
1887,劉美霞,TniTU02553@example.com,active
1888,王欣儀,aLbJd11858@im.mail.com,active
1889,賴佩玲,IpupH36560@test.mail.com,active
1890,周佩雯,Ejsnl60177@csie.mail.com,active
1891,鄭佳蓉,laCgb35359@random.mail.org,active
1892,林志華,VtkqD02277@csie.mail.com,active
1893,柯美惠,hzFNW48704@example.com,active
1894,鍾志傑,qkKnt65798@random.mail.org,active
1895,潘振華,stDxR85695@random.mail.org,active
1896,曾志傑,QTRNo52053@test.mail.com,active
1897,張建輝,QKjqi75219@csie.mail.com,active
1898,魏宜芳,ZxkRp47887@random.mail.org,active
1899,江志勇,vafAy52324@example.com,active
1900,潘文豪,ucjQY85428@random.mail.org,banned
1901,岳志豪,YgQCg40110@csie.mail.com,active
1902,鍾怡靜,nfmMX55384@test.mail.com,active
1903,曾美琳,ugwvB53811@im.mail.com,active
1904,丁俊傑,HEElg03680@test.mail.com,active
1905,方玉珍,BbrIP63629@test.mail.com,active
1906,曾佩雯,VXsVP79692@im.mail.com,active
1907,吳佳玲,hOYve65798@test.mail.com,active
1908,鄭美玲,vKARL32387@im.mail.com,deleted
1909,蘇智豪,KULZC26161@im.mail.com,active
1910,田志宇,lsOFu19926@im.mail.com,active
1911,鄭雅文,stVEs39927@test.mail.com,active
1912,曾美琳,wDUpd30690@im.mail.com,active
1913,范明杰,HWkbY31834@random.mail.org,active
1914,葉信宏,kHyPp23711@test.mail.com,active
1915,葉志遠,VgDcd69372@example.com,deleted
1916,田國基,PMLlq37759@test.mail.com,active
1917,鍾淑珍,dhQdY19571@test.mail.com,active
1918,沈秀英,ZfEkS08032@im.mail.com,active
1919,廖怡伶,rTbhi78124@example.com,active
1920,魏欣儀,gYKGQ47849@example.com,deleted
1921,沈思妍,HAjTF91443@im.mail.com,deleted
1922,方冠宇,nMtAV52822@random.mail.org,active
1923,郭志勳,bIHYb40973@csie.mail.com,active
1924,鄭明樺,MFjOC96774@im.mail.com,active
1925,彭雅玲,QZrjh06315@im.mail.com,active
1926,王志成,PJLHA73733@example.com,deleted
1927,葉若瑄,uxIyV70061@test.mail.com,deleted
1928,蘇佩玲,HKvco19915@random.mail.org,active
1929,周俊宏,TAKKZ74807@example.com,active
1930,劉淑娟,zMZkM89291@test.mail.com,active
1931,江家豪,RtmVs19995@im.mail.com,active
1932,白雅雯,TaVou87598@random.mail.org,active
1933,岳志成,EllGO47663@test.mail.com,active
1934,岳嘉豪,jyXEm04335@random.mail.org,active
1935,邱麗華,fAtkX20785@example.com,active
1936,黃心儀,Oakdv29953@im.mail.com,deleted
1937,謝建宏,Qjfzh61590@example.com,active
1938,彭文豪,vRcQo40101@example.com,active
1939,范欣儀,oLIKU83778@im.mail.com,active
1940,曾宜芳,BjyCb67397@random.mail.org,active
1941,鄭欣儀,DAWwM06390@im.mail.com,active
1942,謝麗萍,PnrZX69435@csie.mail.com,active
1943,蔡志華,NvWXJ33144@example.com,active
1944,呂怡君,CNnNq95830@example.com,active
1945,郭麗華,arOLA61627@csie.mail.com,active
1946,曾佳雯,TrBxr39156@example.com,active
1947,曾美惠,VGEDS17058@random.mail.org,active
1948,洪志宇,RzXwG70442@im.mail.com,active
1949,賴秀英,xovkC47631@test.mail.com,active
1950,廖欣怡,jPvAb09224@test.mail.com,active
1951,孫志明,nZECA38574@test.mail.com,active
1952,鍾佩玲,QxHck88234@example.com,active
1953,賴雅文,JSgaf79831@csie.mail.com,active
1954,韓思穎,RUuUr20263@random.mail.org,active
1955,余勝傑,MQBXG92117@im.mail.com,deleted
1956,傅書瑋,nhqoJ43902@im.mail.com,active
1957,劉文豪,QMmKP82310@random.mail.org,active
1958,黃雅婷,KNDQU56065@test.mail.com,active
1959,呂國強,qgoPP78035@im.mail.com,active
1960,謝靜宜,DcBwD61161@csie.mail.com,active
1961,魏秀玲,aJhAb72198@test.mail.com,active
1962,趙冠瑋,JenVy48894@example.com,active
1963,孫婉婷,QsDfs52062@test.mail.com,active
1964,趙志傑,gkihO19346@random.mail.org,active
1965,洪志華,tnHiN51867@random.mail.org,active
1966,程宜萱,hEzgl44329@random.mail.org,banned
1967,袁麗萍,ekILt47879@csie.mail.com,active
1968,余德明,WaIFJ22967@test.mail.com,deleted
1969,楊麗華,fhcMa96128@example.com,active
1970,邱志堅,uCefb10997@test.mail.com,active
1971,趙淑芬,WNuRd33468@im.mail.com,active
1972,洪國基,ssPoa40978@csie.mail.com,active
1973,蘇志誠,BHvIS01336@example.com,active
1974,張秀芳,RQhvP33216@example.com,active
1975,韓惠美,YRBQI45227@random.mail.org,active
1976,蔡若瑄,ZTrkv76096@test.mail.com,active
1977,楊欣怡,StiBT10324@random.mail.org,active
1978,金惠美,jByNi22378@example.com,active
1979,岳美霞,tkVsf78828@csie.mail.com,active
1980,周志傑,kGhyx75756@example.com,active
1981,江佳玲,PjDKJ59240@csie.mail.com,active
1982,楊建宏,vxWhF61957@example.com,active
1983,彭勝傑,hXTmA48468@im.mail.com,active
1984,劉志傑,SqdDO48706@test.mail.com,active
1985,金志傑,kUSmH64373@csie.mail.com,active
1986,謝宜萱,Fpoav74746@random.mail.org,active
1987,柯建宇,SVzxC85743@test.mail.com,active
1988,蘇玉君,PoTgQ62838@test.mail.com,active
1989,程佳雯,UHMEa09587@im.mail.com,active
1990,蔡志威,JfdjX77496@csie.mail.com,active
1991,余宏傑,ukWDf40394@test.mail.com,active
1992,呂怡華,Ofmmi20966@example.com,active
1993,岳秀英,GxCQr87666@random.mail.org,active
1994,劉志豪,IomsB20356@im.mail.com,active
1995,彭美瑜,FfupG04835@csie.mail.com,active
1996,林麗華,fAjEw51430@im.mail.com,active
1997,呂佩玲,Njypx69605@random.mail.org,active
1998,金婉婷,UzxcJ88886@im.mail.com,active
1999,洪秀文,cNgCa27208@csie.mail.com,active
2000,曹美惠,WLiQW68376@csie.mail.com,active
