id,name,email,status
1,孫雅雯,Pnsho23553@random.mail.org,active
2,林書瑋,pYbwT51865@random.mail.org,active
3,謝國強,kQMhk81509@test.mail.com,active
4,丁國平,kERJd20900@test.mail.com,deleted
5,丁建宇,HOYaB12240@im.mail.com,active
6,岳秀芳,BwlVa60844@test.mail.com,active
7,彭佩雯,NXhij79163@im.mail.com,active
8,洪國華,jlBip27194@test.mail.com,active
9,張國基,PiHcN68621@im.mail.com,active
10,楊志峰,MCptx00461@example.com,banned
11,白玉珍,oCVyX57508@im.mail.com,active
12,袁靜宜,FPIqS73315@csie.mail.com,active
13,魏冠宇,kmWhp17495@im.mail.com,active
14,程勝傑,MOaJu61492@test.mail.com,active
15,宋怡欣,SiRce73116@im.mail.com,active
16,傅美琪,baJqW10765@im.mail.com,active
17,柯冠宇,bOfIw46115@csie.mail.com,active
18,魏冠瑋,oBFup68208@im.mail.com,deleted
19,邱婉婷,EBGbZ41442@test.mail.com,active
20,魏怡欣,TFqKG38073@test.mail.com,active
21,沈思穎,rOklq98390@random.mail.org,active
22,蔡志傑,IluFI03377@example.com,active
23,丁麗芬,ZbVvp70488@test.mail.com,active
24,曹志勳,JShJc53809@csie.mail.com,active
25,鍾國平,DeFHx07523@test.mail.com,active
26,范智勇,cpVUa45492@csie.mail.com,active
27,余德明,uSYjO60981@csie.mail.com,banned
28,曹志華,rJMws84565@csie.mail.com,active
29,柯淑華,UwYmh52377@example.com,active
30,魏國平,uWmgU82466@test.mail.com,active
31,廖惠美,GqJUd22553@random.mail.org,active
32,楊冠霖,nfjWw44995@csie.mail.com,active
33,范志新,yTrgU64392@example.com,active
34,楊雅婷,OLJJS04979@random.mail.org,active
35,程欣怡,xrzVN47726@example.com,active
36,江怡君,cNSRo81921@example.com,active
37,郭怡伶,klTSl05172@im.mail.com,active
38,方麗芬,QcZGo78212@csie.mail.com,active
39,周志遠,gbcuM16267@example.com,active
40,胡心儀,MxkgW85223@example.com,deleted
41,林冠瑋,BcxKj18295@im.mail.com,active
42,葉志峰,BUaCk20034@example.com,active
43,廖志新,cHuRM23158@im.mail.com,active
44,周若瑄,juiKz89728@example.com,active
45,李美瑜,wlcWd15196@example.com,active
46,蔡美惠,XAzeY77567@random.mail.org,active
47,田玉珍,pZTqO70233@csie.mail.com,active
48,王智勇,qgeJF24445@random.mail.org,active
49,林雅婷,TCkvG50602@example.com,active
50,張宜芳,TQixd58684@test.mail.com,active
51,方秀芳,MZJCD68759@random.mail.org,active
52,余淑芬,XCkZP15533@example.com,active
53,曾文豪,bCMzG35578@im.mail.com,active
54,沈婉婷,pMiLE37025@csie.mail.com,active
55,楊雅萍,VjYEZ34664@random.mail.org,deleted
56,劉佩玲,jmyVm47964@test.mail.com,active
57,孫宏志,cjPIe70200@example.com,active
58,賴志勇,gqlxX65403@random.mail.org,active
59,邱美惠,Zkfth87793@random.mail.org,active
60,楊欣儀,ZNUWf56514@test.mail.com,active
61,馬心儀,OplDm72877@csie.mail.com,active
62,袁偉倫,oPYkw63720@example.com,active
63,金淑珍,HBLpu62292@test.mail.com,active
64,廖宏志,WvjpO27583@csie.mail.com,active
65,岳志傑,uKQdN53369@test.mail.com,active
66,柯俊文,svyPe48456@example.com,active
67,周靜宜,lDMQl71323@im.mail.com,active
68,張冠瑋,CkAvZ18974@example.com,active
69,謝國華,mAuFU27080@random.mail.org,deleted
70,謝美玲,jhxqa49454@test.mail.com,active
71,劉志明,yfXfJ80815@test.mail.com,active
72,郭玉芬,lyKat53111@example.com,active
73,謝佩玲,CYLIa62861@im.mail.com,active
74,程書瑋,SXiWd53332@random.mail.org,active
75,周淑芬,YXpWY60832@csie.mail.com,active
76,程玉君,hLzFR76326@example.com,active
77,柯美惠,oaSpL10934@test.mail.com,active
78,余志華,Mortw45469@random.mail.org,active
79,魏書瑋,YHtcg22523@example.com,active
80,白美玲,shLYR95035@random.mail.org,active
81,田建銘,ZpCxI62368@example.com,active
82,楊志遠,YYCGz60412@im.mail.com,active
83,賴麗萍,gOdpe49621@test.mail.com,active
84,岳雅文,gIqII05570@csie.mail.com,active
85,林玉珍,rESJs11348@example.com,active
86,王國平,bnCju15538@csie.mail.com,active
87,王志豪,kZwRX75038@csie.mail.com,active
88,沈玉芬,egqxg69085@random.mail.org,active
89,曹家瑋,wVRPp56102@csie.mail.com,active
90,劉勝傑,idiZh71265@test.mail.com,active
91,呂怡君,mTBHo33380@test.mail.com,active
92,潘心儀,rHViy90497@random.mail.org,active
93,廖怡君,gczlO92551@im.mail.com,active
94,袁家豪,ulYXe76711@test.mail.com,active
95,洪宏志,Vcneg74688@random.mail.org,deleted
96,潘怡君,dXbeZ66066@im.mail.com,active
97,許淑珍,iCilc12205@csie.mail.com,active
98,蘇怡君,OpIVM34893@random.mail.org,deleted
99,郭雅婷,jBffx94929@random.mail.org,active
100,葉秀文,IDBhA98729@test.mail.com,active
101,曹欣儀,DgVZv37324@im.mail.com,banned
102,蘇志堅,BSBEj19122@example.com,active
103,曾文豪,hJJHr47539@im.mail.com,active
104,程思妍,QuKbs96827@im.mail.com,deleted
105,蘇勝文,MOwZf30813@csie.mail.com,banned
106,劉麗華,eGxJt08304@random.mail.org,active
107,胡俊宏,eIjwx64821@im.mail.com,active
108,洪冠宇,jMuJX83156@im.mail.com,active
109,陳勝傑,GRijX86073@example.com,banned
110,楊志峰,IFehA88934@csie.mail.com,active
111,張志宇,ApYJn89510@example.com,active
112,賴宜萱,SbSvq78509@random.mail.org,active
113,曾曉婷,ACLkj11588@example.com,deleted
114,邱淑華,bEEHk98430@random.mail.org,active
115,馬淑娟,lVqir36121@im.mail.com,active
116,楊思穎,TUgHd88927@csie.mail.com,active
117,曾秀文,wolMw73410@test.mail.com,active
118,劉文豪,hPMjy16582@csie.mail.com,active
119,洪美琳,xUVDB62972@im.mail.com,active
120,邱國平,trAwh18195@example.com,active
121,曾宜芳,VbTHF91481@csie.mail.com,active
122,宋志豪,fBJFt95020@random.mail.org,banned
123,金怡伶,yFJEB56200@csie.mail.com,deleted
124,岳建輝,WsfTl82414@im.mail.com,banned
125,林思穎,CXGRC81067@random.mail.org,active
126,岳靜宜,QDBfR29738@random.mail.org,active
127,李俊宏,iwVmg47274@test.mail.com,active
128,曹美琪,unxLh80478@im.mail.com,active
129,葉德明,YjPXo77601@random.mail.org,active
130,余志華,qmkxI87412@im.mail.com,active
131,白麗芬,cEEar46219@im.mail.com,active
132,鍾惠美,pipFb84222@csie.mail.com,active
133,吳美玲,XUIRH63755@example.com,active
134,江玉珍,iezwt51074@random.mail.org,active
135,黃玉芬,UyhdQ91780@test.mail.com,active
136,宋雅婷,oZwWI65765@test.mail.com,active
137,周志成,kpxij03077@random.mail.org,active
138,賴信宏,EsGWY86583@example.com,active
139,江怡靜,qHRgf71615@csie.mail.com,active
140,宋玉芬,dujnf36529@csie.mail.com,active
141,袁志偉,nNkHD55739@im.mail.com,active
142,曾俊傑,SNTgt78390@random.mail.org,active
143,林志宇,bEtaR71752@test.mail.com,active
144,柯淑慧,YpAec48826@random.mail.org,active
145,柯麗萍,ycKim87369@random.mail.org,active
146,方家豪,sUvgt31877@random.mail.org,active
147,魏雅玲,VBFlJ03931@im.mail.com,active
148,丁惠美,XZdwv27396@test.mail.com,active
149,丁雅萍,ZcwPt44420@test.mail.com,active
150,王欣怡,HlAfx29946@example.com,active
151,楊智豪,DVTEx62609@csie.mail.com,active
152,賴志成,jpnOo93154@example.com,active
153,邱秀芳,Qaiwy91686@im.mail.com,banned
154,范志華,AYjzd75403@im.mail.com,active
155,江淑華,qaNCi77022@random.mail.org,active
156,林欣儀,wOJvj23123@random.mail.org,active
157,周欣怡,IqSQC65115@csie.mail.com,active
158,岳冠霖,xsmjX44234@test.mail.com,active
159,蘇雅萍,iZmOq40716@csie.mail.com,active
160,孫振華,PPAog22616@im.mail.com,deleted
161,曾淑慧,UycRY04809@example.com,active
162,孫麗芬,WvPtm99445@random.mail.org,active
163,沈雅萍,AJVzX84988@csie.mail.com,active
164,胡國基,uAItY82757@test.mail.com,active
165,沈淑娟,Esjem25427@im.mail.com,active
166,胡志威,xrNrH47167@im.mail.com,active
167,方志威,aEJue47161@test.mail.com,active
168,鍾美瑜,ZiNNh42835@example.com,active
169,楊美瑜,zDbZD02107@im.mail.com,deleted
170,郭建輝,QmDCy75103@random.mail.org,active
171,傅美霞,oQzJU95264@random.mail.org,active
172,沈明樺,SaYbn57722@im.mail.com,active
173,郭家瑋,XMLgc85003@test.mail.com,active
174,林志誠,pWTyD79163@example.com,active
175,鄭怡君,mQUmk64830@random.mail.org,deleted
176,胡秀文,Fgomb57531@example.com,active
177,方美霞,MDoTR02585@csie.mail.com,active
178,胡雅文,adSih19385@example.com,banned
179,呂雅萍,kbypL73154@im.mail.com,banned
180,許志豪,oOfpT04887@random.mail.org,active
181,林玉珍,fTkBV89451@test.mail.com,active
182,張俊宏,PWgJX98459@random.mail.org,active
183,金志明,ViPem54393@random.mail.org,active
184,黃志豪,ZLPLm53461@im.mail.com,active
185,鄭思妍,emXgZ49293@random.mail.org,active
186,王秀文,imGep24495@example.com,active
187,王欣怡,EruXE15672@im.mail.com,active
188,楊建國,sMNnA43863@test.mail.com,active
189,黃志勳,Fhhzp66785@csie.mail.com,banned
190,李玉珍,CLray84217@example.com,active
191,馬志勇,NrYro98779@random.mail.org,active
192,袁建志,FPcGt47891@example.com,active
193,鍾志威,bZApL69452@test.mail.com,active
194,黃智勇,qocoA73828@example.com,active
195,李建志,WFfYw32181@example.com,active
196,柯志新,ZGXEP42386@csie.mail.com,active
197,呂淑娟,BDdwi11203@test.mail.com,active
198,林秀文,ReaHb65565@im.mail.com,active
199,鄭佩玲,vvKCd15347@csie.mail.com,active
200,廖智翔,CMkAV49180@example.com,active
201,鄭淑珍,ihulF71859@csie.mail.com,active
202,廖志威,hfiPr05133@csie.mail.com,active
203,林俊傑,CrmST99048@example.com,active
204,呂雅玲,BuGsV23430@random.mail.org,active
205,王雅玲,CeINI44572@csie.mail.com,active
206,王若瑄,UXBkR70217@example.com,deleted
207,馬佳蓉,DApOM86466@random.mail.org,active
208,馬志新,Nryjq33138@example.com,active
209,馬麗萍,WzsLw51128@test.mail.com,active
210,林怡靜,CBinL48427@example.com,active
211,蔡宏志,UupLh17239@example.com,deleted
212,白惠美,kciob48670@test.mail.com,active
213,曾佳蓉,dGIqo15727@test.mail.com,active
214,曾怡華,XSxeL72101@test.mail.com,active
215,楊智勇,bBcgi83262@im.mail.com,active
216,陳國基,UrfZv40639@csie.mail.com,active
217,岳明樺,bIIur95816@random.mail.org,deleted
218,沈宏傑,yKzeO67263@csie.mail.com,active
219,黃文傑,GdQhc73071@random.mail.org,deleted
220,白佳雯,pgwzi27428@im.mail.com,active
221,楊家豪,sAogu53736@random.mail.org,active
222,丁志偉,LGGqU70752@im.mail.com,active
223,許國華,PKfgV45733@example.com,active
224,曾秀文,lMDaT12434@example.com,active
225,岳怡靜,DqCSW74872@example.com,active
226,林宏志,PFlLZ93009@im.mail.com,active
227,林明樺,TsDJb86513@example.com,active
228,陳雅雯,LiMDa76670@random.mail.org,active
229,彭國基,hKNtc50166@im.mail.com,active
230,范國強,KzcTu81807@csie.mail.com,active
231,韓信宏,xcGxN97502@random.mail.org,active
232,丁怡君,lgMQY99144@random.mail.org,active
233,孫冠瑋,jBqah22019@test.mail.com,active
234,岳國強,lyuzJ61113@random.mail.org,active
235,田淑慧,FWLbf70988@test.mail.com,active
236,廖若瑄,UJvHd02700@random.mail.org,active
237,胡明樺,FxIrq61829@example.com,active
238,岳文豪,VAwrR99981@csie.mail.com,active
239,廖怡靜,dCGBj86374@test.mail.com,active
240,賴若瑄,jHVRL59625@test.mail.com,active
241,趙怡伶,WQDHw01101@im.mail.com,active
242,張思穎,dGoNI64500@test.mail.com,active
243,魏雅婷,ZThXK98876@test.mail.com,active
244,程宏志,DNarN11127@test.mail.com,active
245,周國強,gDmfu88006@random.mail.org,active
246,曾志偉,VJCyK59623@test.mail.com,active
247,許麗華,NeOsd37093@example.com,active
248,李淑慧,JpiDg45633@example.com,deleted
249,張雅文,EBSnu04312@random.mail.org,active
250,葉淑芬,fbkYq79498@im.mail.com,active
251,宋美琪,WrdZN71050@random.mail.org,active
252,柯玉芬,UjPgX35593@example.com,active
253,余建銘,BSHEw30370@example.com,deleted
254,傅惠美,QWbHF68280@example.com,active
255,丁志成,uapMo30173@im.mail.com,active
256,李志勇,mXjvI98583@random.mail.org,active
257,白怡伶,ycPYv03883@im.mail.com,active
258,岳雅文,VgMnw53630@test.mail.com,deleted
259,許志峰,hOLUx24193@csie.mail.com,active
260,周俊宏,IqCuv53397@test.mail.com,banned
261,孫志偉,lKMOe92156@example.com,active
262,曾志勳,SOxde56415@example.com,active
263,魏俊文,ydunu97722@csie.mail.com,deleted
264,謝志偉,RDxcB43366@im.mail.com,active
265,曾玉珍,jtfmb18968@csie.mail.com,active
266,江書瑋,TrxWD05769@test.mail.com,active
267,沈佳玲,tLzIZ10174@test.mail.com,banned
268,賴淑娟,qDjMU22282@example.com,active
269,孫靜宜,ZtLyr66040@test.mail.com,active
270,方秀芳,ydZlC35895@example.com,active
271,許美霞,TQVxw51652@csie.mail.com,banned
272,劉俊傑,tFLuF96259@random.mail.org,active
273,劉怡華,gVYdJ04521@example.com,active
274,劉怡華,PrfbS59799@csie.mail.com,active
275,丁德明,uQvUW25446@csie.mail.com,deleted
276,吳建輝,Eoarp05260@test.mail.com,active
277,傅國華,qeCHJ43872@im.mail.com,active
278,許德明,WeMSF04248@im.mail.com,active
279,方家瑋,APLzY79831@random.mail.org,active
280,廖欣儀,masxc82090@csie.mail.com,active
281,程秀玲,XClmM59314@random.mail.org,active
282,謝明杰,xnZbJ94885@test.mail.com,active
283,岳怡靜,mVzJD83547@example.com,active
284,馬宏傑,prFTv00376@csie.mail.com,active
285,王淑慧,tXnAF35884@csie.mail.com,active
286,范玉君,xrEUH63985@random.mail.org,active
287,廖美惠,pxjVH09619@random.mail.org,active
288,范志峰,ZuMFL26002@random.mail.org,active
289,孫淑珍,fBFqN38541@random.mail.org,active
290,沈雅婷,hPrFk88086@csie.mail.com,banned
291,孫雅雯,dfrfx79027@im.mail.com,active
292,周心儀,MnpDi97832@random.mail.org,active
293,方冠宇,LSLhI97757@random.mail.org,active
294,胡淑娟,FQhVu20644@random.mail.org,active
295,吳家豪,ZSLcb05171@random.mail.org,active
296,魏佩玲,XXWtr19278@random.mail.org,active
297,韓俊傑,DRJfh41279@example.com,active
298,林信宏,KBIcS09475@example.com,active
299,柯宏志,NPMeW34354@random.mail.org,deleted
300,吳靜宜,TywdI77366@example.com,active
301,余智勇,ixxzF31133@test.mail.com,active
302,金欣怡,BThDZ35836@test.mail.com,deleted
303,林文傑,JFIXd27865@csie.mail.com,active
304,傅偉倫,dRgOv91370@test.mail.com,active
305,葉淑芬,suQov22959@im.mail.com,active
306,江德明,gpDjE60637@test.mail.com,active
307,賴冠宇,UDvbV36378@example.com,active
308,楊淑華,aLTcD58416@test.mail.com,active
309,洪佳玲,qmNBI77319@im.mail.com,active
310,范勝文,FYpXO23589@random.mail.org,active
311,吳志遠,BONcy20758@test.mail.com,active
312,蔡淑娟,NhrCF09197@test.mail.com,active
313,馬淑慧,tRvzQ37673@im.mail.com,active
314,楊心儀,ksLcJ07957@random.mail.org,active
315,洪志威,QitaR56595@example.com,active
316,趙志成,HRiHo30781@random.mail.org,active
317,張志明,NHgUr22856@im.mail.com,active
318,田偉倫,dGSYe46218@random.mail.org,active
319,余國強,fEGQX86475@test.mail.com,deleted
320,王玉芬,jPhgf28978@csie.mail.com,active
321,岳建宏,dfuvP78700@csie.mail.com,active
322,王俊文,iKrOp64365@im.mail.com,active
323,沈志偉,cebrP07700@example.com,active
324,曹志偉,OosRx81661@test.mail.com,active
325,金志明,JuThu80321@csie.mail.com,deleted
326,程志宇,AgmLl97473@example.com,active
327,傅志勇,JbjTR64640@random.mail.org,active
328,劉心儀,WALbe31407@example.com,active
329,蔡麗萍,cyiiT54259@csie.mail.com,active
330,余德明,mihVl32938@test.mail.com,active
331,鍾雅婷,VYTod00380@random.mail.org,active
332,謝信宏,yLKaW99650@example.com,active
333,宋靜宜,CEBBu23402@random.mail.org,active
334,王怡靜,hHjeS14494@random.mail.org,active
335,曾思妍,MlZzX81706@random.mail.org,active
336,謝秀文,jrYIe77292@random.mail.org,deleted
337,蔡俊傑,rrCsw78349@im.mail.com,active
338,洪志偉,QgbLY36202@im.mail.com,active
339,楊志宇,mPAqa58629@csie.mail.com,active
340,曾秀玲,uLCto54010@test.mail.com,deleted
341,程思穎,sLbfH67969@test.mail.com,active
342,林冠瑋,VYWPa73070@example.com,active
343,柯德明,jKLMl97756@test.mail.com,active
344,程美霞,mkWWa03022@example.com,active
345,丁偉倫,skMtU55499@im.mail.com,active
346,方思穎,xOSXK24585@test.mail.com,active
347,趙明樺,frhUX89436@test.mail.com,active
348,葉振華,MPrCR58623@test.mail.com,active
349,謝麗芬,iJkIT14142@im.mail.com,active
350,曾美琪,XhZLu42866@im.mail.com,active
351,邱志堅,aJCbY47387@test.mail.com,active
352,張麗萍,MPUPz60475@im.mail.com,active
353,曾國華,aaRxy64676@example.com,active
354,宋志傑,RXjYy30803@im.mail.com,active
355,柯建銘,UmSpE62521@example.com,active
356,岳玉芬,VYqrb12339@test.mail.com,deleted
357,蔡志峰,MTayb61668@random.mail.org,active
358,蘇志峰,PwMkP17658@random.mail.org,active
359,余美琪,yPLXR84875@csie.mail.com,active
360,白淑娟,FGvux53138@csie.mail.com,active
361,趙建志,XZqDZ77619@example.com,active
362,岳志勇,gZLmX58631@test.mail.com,active
363,余國基,MrHQD95186@example.com,active
364,林秀英,oVgdB64000@im.mail.com,active
365,曾佩玲,cToxN52488@random.mail.org,active
366,岳淑娟,mkhrh98359@example.com,active
367,周雅文,gyodo08058@example.com,active
368,楊志傑,DFOgB72599@example.com,banned
369,韓建國,OxmHv60331@csie.mail.com,deleted
370,柯美霞,iRAfS49326@test.mail.com,deleted
371,曹志勳,vdfTk43071@random.mail.org,deleted
372,方冠瑋,ihVmW94655@example.com,active
373,范建國,QjYwq95075@test.mail.com,deleted
374,曾偉倫,zhFRw01333@test.mail.com,active
375,葉玉君,pcONy34137@example.com,active
376,胡冠瑋,RtYlC00189@csie.mail.com,active
377,鍾建輝,iEYfY29112@test.mail.com,active
378,邱靜宜,ghEtY62029@csie.mail.com,active
379,賴智翔,KAGAd61184@example.com,active
380,蔡偉倫,ZhGKz41472@test.mail.com,active
381,曹志明,cLtBC63723@example.com,active
382,袁明杰,xndgv71322@random.mail.org,active
383,楊曉婷,sVhaq22938@random.mail.org,banned
384,范秀芳,SqJLw25710@random.mail.org,active
385,邱麗萍,MihMT24471@random.mail.org,active
386,李宜萱,hoQXC36820@random.mail.org,active
387,岳宜萱,FNvuo87642@csie.mail.com,active
388,郭志傑,KEFUA71449@test.mail.com,active
389,張佳蓉,oYrPT74022@example.com,active
390,魏志威,iLIwN86755@csie.mail.com,active
391,方佩玲,kPDhD26344@example.com,active
392,袁淑華,nzZID34537@example.com,active
393,田麗萍,ZqBjR42688@test.mail.com,active
394,沈若瑄,ApMmn79635@test.mail.com,active
395,周美瑜,uCwzA40797@test.mail.com,active
396,馬智豪,HCAzs53732@test.mail.com,active
397,陳靜宜,PfSKj11114@test.mail.com,active
398,鍾智豪,CrNhH33428@im.mail.com,active
399,潘曉婷,YaQXw26591@test.mail.com,active
400,許文傑,lQjcS81196@random.mail.org,active
401,胡國強,idRWT49119@example.com,active
402,林宏志,lMWwb54504@random.mail.org,active
403,丁冠宇,zdRGo96433@test.mail.com,active
404,潘美琪,SZeXJ06539@example.com,active
405,李志堅,FBsDp96232@csie.mail.com,active
406,曾德明,ytFkh15519@test.mail.com,active
407,白建宇,WuUOe91692@csie.mail.com,active
408,李志偉,ZKBdb17239@example.com,active
409,宋美琪,ZOOrv44440@random.mail.org,active
410,丁玉君,wcwtl50347@example.com,active
411,程佳蓉,hBrLl00137@example.com,active
412,白美琳,xRsvV56025@csie.mail.com,active
413,岳德明,srHMi09008@example.com,active
414,岳智勇,OjdbM85052@csie.mail.com,active
415,曾宜萱,Gwdxa97130@test.mail.com,active
416,胡智豪,MwSvf98363@csie.mail.com,active
417,曹俊傑,ncABj02224@im.mail.com,active
418,李雅萍,slPyx97987@im.mail.com,active
419,張志峰,mjJto90416@random.mail.org,active
420,葉美琳,WTmDe24155@random.mail.org,active
421,曹冠瑋,OJhQO47909@test.mail.com,active
422,趙怡靜,YJqUg37586@random.mail.org,active
423,周智豪,OQxFn46368@random.mail.org,banned
424,郭若瑄,THtzu39667@random.mail.org,active
425,黃怡伶,XqkcV74007@test.mail.com,active
426,孫宜芳,eiuAq82189@im.mail.com,active
427,廖怡靜,yNJQw53441@im.mail.com,active
428,余志成,gUqNj03877@example.com,banned
429,曾建輝,MgGPE64629@example.com,active
430,蘇偉倫,gqSlV43941@random.mail.org,active
431,王佳雯,kcyBw33738@example.com,active
432,彭思妍,NAAuz44064@im.mail.com,active
433,賴佳慧,Kcpmz17222@test.mail.com,active
434,程志明,UNZkP65440@im.mail.com,banned
435,呂冠霖,BcUBP37723@csie.mail.com,active
436,吳家豪,cjyTG06197@csie.mail.com,active
437,白美瑜,cNDPo06340@im.mail.com,active
438,陳美惠,QfTNA99255@test.mail.com,active
439,賴雅萍,SmDqy12097@im.mail.com,active
440,楊志華,AoVFJ83790@im.mail.com,active
441,郭佩雯,oYODf72365@im.mail.com,active
442,邱家瑋,wMizK47630@im.mail.com,active
443,蘇佳慧,zzOqK97780@csie.mail.com,active
444,胡冠霖,ADqdC81774@random.mail.org,active
445,鍾美瑜,nEmfu49837@im.mail.com,active
446,蔡怡靜,xkdpc40049@test.mail.com,active
447,胡雅萍,cZtrA29873@random.mail.org,active
448,丁雅婷,WLKsD27299@im.mail.com,banned
449,丁佳慧,kBUyN07709@example.com,deleted
450,楊玉芬,eRUcG78621@test.mail.com,active
451,謝信宏,owWKu17769@example.com,active
452,馬佳蓉,GjCBm02360@im.mail.com,active
453,丁宜萱,aDcfx09327@random.mail.org,active
454,陳志勳,yXlZR82458@example.com,banned
455,余曉婷,yaTRt98838@csie.mail.com,active
456,陳宜芳,rjIdN34740@random.mail.org,active
457,趙國華,vvVDg65353@csie.mail.com,active
458,岳建銘,QpZLS80248@test.mail.com,active
459,周志成,ERbcX21296@example.com,active
460,白建宏,feRRk45020@example.com,active
461,曾淑娟,xnorf44799@csie.mail.com,active
462,林秀文,toMTg47705@im.mail.com,active
463,傅佩玲,RrMug43107@random.mail.org,active
464,沈佳雯,lKSFN52342@example.com,active
465,潘玉君,MXiku85723@example.com,active
466,許智勇,mhAzp30741@test.mail.com,deleted
467,沈怡欣,GQWRD35873@im.mail.com,active
468,宋秀英,WMTTW04165@csie.mail.com,active
469,宋雅雯,tlPGr67623@csie.mail.com,banned
470,吳志勳,brfDj15583@random.mail.org,active
471,郭玉芬,VRXlL80513@im.mail.com,active
472,曹志勳,srbmL90070@random.mail.org,active
473,孫志豪,okLnp78994@example.com,active
474,周勝文,iCJsP22804@csie.mail.com,active
475,葉淑慧,XJphB22061@test.mail.com,active
476,郭淑慧,CZpis42987@random.mail.org,active
477,白美琳,aKLtO70007@random.mail.org,active
478,楊佳蓉,zeJCx41629@im.mail.com,active
479,郭志勳,SnDsz17005@csie.mail.com,deleted
480,宋宜芳,gDOMD92505@random.mail.org,active
481,謝志峰,aZzyV01834@im.mail.com,active
482,魏偉倫,NpNWi79261@random.mail.org,active
483,魏淑芬,gwYhM80817@csie.mail.com,active
484,魏淑娟,lZPCj42469@csie.mail.com,active
485,余書瑋,uojZq40855@csie.mail.com,active
486,程麗萍,tNuUJ90630@random.mail.org,active
487,傅秀英,Pllil43219@test.mail.com,active
488,曾佩雯,nmBQA15984@im.mail.com,active
489,曹麗芬,nHIsf87919@csie.mail.com,active
490,許國基,Vwmgq44685@im.mail.com,active
491,曾智豪,wzZrs00589@random.mail.org,deleted
492,胡怡君,SZvXV98888@test.mail.com,deleted
493,袁怡欣,xyeGJ56802@example.com,active
494,賴建國,TeucQ38589@random.mail.org,active
495,吳志峰,oRHHR77092@test.mail.com,active
496,張俊傑,BinBw22513@example.com,active
497,陳若瑄,FFXpx48227@csie.mail.com,active
498,吳智勇,SIdEs00984@im.mail.com,active
499,楊雅文,CSGgn52830@random.mail.org,active
500,韓冠瑋,Kzlqq71347@random.mail.org,active
501,吳淑慧,AMDBi97564@test.mail.com,active
502,岳淑慧,CBIyJ95435@random.mail.org,active
503,傅婉婷,AvcCm12366@im.mail.com,banned
504,呂雅玲,QOGzg26857@csie.mail.com,active
505,洪麗萍,CqgbL56863@csie.mail.com,active
506,葉宏傑,iJLBC91154@random.mail.org,active
507,田心儀,Qfowp86246@random.mail.org,active
508,潘建輝,LKZEd66358@test.mail.com,active
509,沈振華,Kbwda33153@random.mail.org,active
510,葉志峰,ICbDP29890@example.com,active
511,韓國強,QgWsq21179@test.mail.com,active
512,陳建國,bVHla39808@example.com,active
513,沈文傑,dMtPF45509@example.com,active
514,洪靜宜,moKxP65703@example.com,active
515,黃美玲,QdXaP21138@test.mail.com,active
516,趙志堅,GNMtX01704@csie.mail.com,active
517,楊家瑋,bvxMn97232@test.mail.com,active
518,張偉倫,LfsFQ36432@random.mail.org,active
519,范冠宇,UMKpH17239@im.mail.com,active
520,金秀英,UKARr97169@example.com,active
521,葉志宇,zlmyk88582@csie.mail.com,active
522,潘信宏,qubBp55743@test.mail.com,active
523,方婉婷,cQwHs00949@csie.mail.com,active
524,白佳蓉,Hxobw86853@example.com,active
525,曹志遠,TzNIt45224@example.com,active
526,沈麗萍,hOncI54222@im.mail.com,active
527,馬志偉,lOpGv86815@example.com,active
528,孫靜宜,aLuvc62026@test.mail.com,active
529,謝建銘,JaBwi05153@random.mail.org,active
530,廖怡伶,gEJZK33366@im.mail.com,active
531,賴志明,szmZG02884@random.mail.org,active
532,謝家豪,hXtZA73256@example.com,active
533,呂佳蓉,igYfd94507@csie.mail.com,active
534,岳雅婷,vrTHL86033@im.mail.com,active
535,江怡靜,IqxtT36837@im.mail.com,active
536,鍾美霞,IegPo18324@test.mail.com,active
537,范智勇,wQjIn01105@random.mail.org,active
538,廖德明,SZNAG27583@csie.mail.com,active
539,廖志新,Swpmk28667@csie.mail.com,deleted
540,李淑芬,liELd29333@example.com,active
541,丁建銘,QjvlF24598@example.com,active
542,鄭德明,vESdk35309@im.mail.com,deleted
543,蔡佳雯,PDBPA00394@example.com,active
544,洪俊宏,BSNsk22888@im.mail.com,active
545,范美琪,mrFVw69610@test.mail.com,active
546,魏志誠,aeVSl66212@random.mail.org,active
547,岳俊宏,dBOZN03992@im.mail.com,deleted
548,洪淑娟,AZFGw09164@im.mail.com,active
549,許信宏,sNUVz56374@example.com,active
550,岳國華,vzZbA22366@random.mail.org,active
551,曹麗芬,tkRdN17389@csie.mail.com,active
552,胡國基,fjdNj82535@random.mail.org,active
553,潘冠霖,Kuect93055@test.mail.com,active
554,鄭志遠,EBRUz57672@test.mail.com,active
555,葉怡君,MJvOO80324@example.com,active
556,方淑珍,rNfdn90856@test.mail.com,active
557,謝怡欣,DDOEd88432@example.com,active
558,賴文傑,qNopM50317@example.com,active
559,王國強,JeMjM19923@csie.mail.com,active
560,趙志誠,QormV39233@random.mail.org,active
561,林志偉,tUyZe16599@csie.mail.com,active
562,沈秀芳,sIxQB91947@random.mail.org,active
563,范婉婷,UKkzh24779@test.mail.com,active
564,賴淑芬,tVTAo39958@random.mail.org,active
565,白國強,hqLPh65677@test.mail.com,active
566,余美玲,GgFgh85968@example.com,active
567,沈淑慧,NEGaB75224@random.mail.org,active
568,丁雅萍,tyYIi69652@random.mail.org,active
569,張淑華,svdFa33006@csie.mail.com,active
570,宋美惠,Rhlvz24481@example.com,active
571,丁偉倫,SbNrE71354@test.mail.com,active
572,金淑華,WbxxU99094@test.mail.com,active
573,曹志明,MymEv86080@test.mail.com,active
574,陳靜宜,xXHDa09800@im.mail.com,active
575,孫志華,ZzTYC00958@test.mail.com,active
576,謝俊傑,pFqen32952@example.com,active
577,葉智勇,AiYyk33776@test.mail.com,active
578,謝怡靜,lMkGZ10492@random.mail.org,active
579,金玉君,ggGAk16189@csie.mail.com,active
580,王志偉,vuLRN21418@test.mail.com,active
581,余國華,ZRxJk35160@random.mail.org,deleted
582,蘇美霞,CtuyA15266@test.mail.com,active
583,郭玉珍,qWZPt09485@csie.mail.com,deleted
584,馬建銘,CiERD74714@test.mail.com,active
585,邱心儀,zyJhz73086@test.mail.com,active
586,沈偉倫,aAgsT57835@example.com,active
587,韓俊傑,WjpQW40668@csie.mail.com,active
588,馬志明,DIUaF77954@random.mail.org,active
589,金佳蓉,WBMYz89575@csie.mail.com,active
590,余怡靜,oAgul26045@random.mail.org,active
591,楊曉婷,WSiIO36275@example.com,active
592,曾國強,ERUKW23043@example.com,active
593,葉淑慧,uTtFL32046@example.com,active
594,江書瑋,BhWzO17850@test.mail.com,active
595,韓冠霖,QfkQf83188@random.mail.org,active
596,韓建國,nqNXC45927@example.com,active
597,林麗萍,MoaQL78320@im.mail.com,active
598,彭佳蓉,gDGeu58601@csie.mail.com,active
599,賴欣怡,zawhs80722@random.mail.org,active
600,黃玉芬,AVJOb96174@csie.mail.com,active
601,潘雅玲,AFBOo74076@random.mail.org,active
602,葉文傑,RmWhp91453@im.mail.com,active
603,孫欣儀,wAQVv18764@test.mail.com,active
604,葉書瑋,djWop78322@example.com,active
605,楊志宇,mILQQ76867@random.mail.org,active
606,黃宜芳,qIKFQ01716@example.com,active
607,沈怡君,wtOUW66070@csie.mail.com,deleted
608,田家豪,BPMXm90811@csie.mail.com,active
609,邱淑華,JPEgR84451@test.mail.com,active
610,林佳玲,DTYJE24926@test.mail.com,active
611,林美霞,nuDZc39603@csie.mail.com,active
612,蔡志成,wolDK94275@example.com,active
613,張佳雯,vlbol04498@im.mail.com,active
614,吳冠宇,lbKnZ04213@test.mail.com,active
615,廖雅玲,yQtRK63789@im.mail.com,active
616,彭靜宜,IDQYc39348@test.mail.com,active
617,柯欣怡,JjONf79071@im.mail.com,active
618,袁美琪,bJXAi31831@example.com,active
619,潘佩雯,ilysl19646@csie.mail.com,active
620,田國基,XaIbf96576@random.mail.org,deleted
621,王淑娟,ePNBC41173@random.mail.org,active
622,曾宜萱,rxJbr98368@test.mail.com,active
623,曾淑珍,PjLrU37351@test.mail.com,active
624,白國平,CrQMt58025@example.com,active
625,李秀英,sinZO12672@example.com,active
626,黃玉君,CaEbv63206@im.mail.com,active
627,孫玉芬,eDLSv17308@test.mail.com,active
628,余欣儀,jkWpw29537@im.mail.com,active
629,楊志峰,JxzwN87144@im.mail.com,active
630,范國基,IbEqp43768@test.mail.com,active
631,楊明杰,ngJbz16759@test.mail.com,active
632,劉雅玲,qRegx04411@random.mail.org,active
633,曾玉珍,UgulU93167@im.mail.com,active
634,趙建志,iqJom22724@test.mail.com,active
635,魏玉珍,rTALi75366@random.mail.org,deleted
636,田勝文,tZaMK07533@csie.mail.com,active
637,馬明樺,IRhwN25157@random.mail.org,active
638,鄭建宇,NIbrQ39877@csie.mail.com,active
639,田秀芳,TGsEq53126@example.com,active
640,魏建宇,pxSYI41898@random.mail.org,active
641,范思妍,yMVcF00225@example.com,active
642,孫秀文,nLIRX16603@random.mail.org,active
643,楊志新,cFpcq62768@im.mail.com,active
644,袁智勇,HVZtx57055@test.mail.com,deleted
645,郭怡君,LzBsw07124@test.mail.com,active
646,鄭淑娟,mBdhW18206@random.mail.org,active
647,田文豪,ggJIA54093@example.com,active
648,程信宏,EPylG18645@im.mail.com,deleted
649,廖宏傑,zulen91169@test.mail.com,deleted
650,田美霞,WieEh71235@im.mail.com,active
651,黃惠美,RESaM95546@example.com,deleted
652,邱偉倫,lQyly63986@random.mail.org,active
653,趙德明,dUneA04323@random.mail.org,active
654,韓秀英,gHEbI54901@example.com,active
655,吳淑芬,GJmEX71805@csie.mail.com,active
656,蔡佳蓉,FLtYv46749@random.mail.org,active
657,鄭國華,scAth07654@im.mail.com,active
658,黃怡伶,SUCxv14560@random.mail.org,active
659,馬志威,lDMfz18587@im.mail.com,active
660,賴佩雯,KhVTa99282@im.mail.com,active
661,柯雅婷,PWRcN10012@im.mail.com,active
662,范德明,cHixk60632@im.mail.com,active
663,楊麗華,CxZGv46630@csie.mail.com,deleted
664,蔡怡欣,djEmC81812@example.com,active
665,白志華,OimIM29202@test.mail.com,active
666,趙雅玲,BjKuE54523@test.mail.com,active
667,曹秀玲,aPKfl90923@random.mail.org,active
668,田建國,xQguC12327@test.mail.com,active
669,趙佳慧,dZNBb78107@im.mail.com,active
670,蘇志威,WDaoO02557@test.mail.com,active
671,許秀玲,VorOq64174@random.mail.org,active
672,洪俊傑,UmYkt22394@test.mail.com,active
673,柯秀英,WtiYv38269@csie.mail.com,active
674,郭欣儀,jvqST79528@csie.mail.com,active
675,李志豪,cKxYM70232@im.mail.com,active
676,田建宇,FiDOn94434@example.com,active
677,岳志勇,fmySO37885@example.com,active
678,楊怡欣,guYxs75778@test.mail.com,active
679,謝明樺,zxltw59724@csie.mail.com,active
680,陳志勇,BatyN33268@csie.mail.com,active
681,曹志明,QfFIu09441@test.mail.com,active
682,許志成,kvtRn88695@csie.mail.com,active
683,鍾雅玲,pTAnH28839@random.mail.org,active
684,宋振華,psxcw98226@random.mail.org,active
685,方佩玲,tJaCl62403@test.mail.com,active
686,馬俊文,CcdZI19161@example.com,active
687,郭志明,RroDk91454@im.mail.com,active
688,傅志遠,UrJmx24231@test.mail.com,active
689,余建宇,ztbaI04533@test.mail.com,active
690,王麗芬,NDzRU65700@example.com,active
691,方志勇,ngRJg53470@example.com,active
692,胡嘉豪,OXUcI48681@csie.mail.com,active
693,孫麗芬,dnVmU22389@csie.mail.com,banned
694,余明樺,uFeiQ21919@random.mail.org,active
695,洪建銘,Fevbr33688@example.com,active
696,蔡淑華,JGyMl67175@csie.mail.com,active
697,陳雅萍,nbxrP70398@random.mail.org,active
698,余佩玲,pMjkE61145@im.mail.com,active
699,呂志新,mLfzX54813@im.mail.com,active
700,宋欣怡,bSxfh73404@test.mail.com,active
701,許心儀,dyjIe35065@im.mail.com,active
702,曾欣怡,NCGXC55648@example.com,active
703,郭建志,zxPJh47865@im.mail.com,active
704,白宏志,pgtmB09749@example.com,active
705,許家瑋,EeZxZ50101@random.mail.org,active
706,蘇俊文,aZNoU34104@example.com,deleted
707,鄭佳蓉,BxlFb02859@csie.mail.com,active
708,鄭雅玲,ndgwy37485@test.mail.com,active
709,蔡冠瑋,qRsrx16364@test.mail.com,active
710,邱家瑋,wRKGb97691@im.mail.com,active
711,程佳慧,fYhdq67312@example.com,active
712,方佩雯,Rjxwk84147@random.mail.org,active
713,沈志明,ALXTL60108@random.mail.org,active
714,曹冠宇,PzPvP80972@random.mail.org,active
715,洪志新,vgamT31565@random.mail.org,active
716,周文傑,JOJpd53056@random.mail.org,active
717,彭建銘,knWDJ90966@csie.mail.com,active
718,潘振華,agFvS13852@example.com,active
719,傅雅玲,HyukY13235@im.mail.com,active
720,彭怡靜,QNlyt70708@csie.mail.com,active
721,白佩雯,UGviJ79755@im.mail.com,active
722,鄭怡伶,YGior18514@im.mail.com,active
723,江勝傑,JphET05414@example.com,active
724,沈宏傑,UZKWE35544@im.mail.com,active
725,郭信宏,UDOAx36436@random.mail.org,active
726,潘淑娟,BVESV82650@im.mail.com,active
727,柯明杰,VuLGG45621@test.mail.com,active
728,葉智翔,kpaGc04708@test.mail.com,deleted
729,魏文豪,TfDNj13781@test.mail.com,active
730,謝欣怡,yCIsv61892@example.com,active
731,葉宜芳,sZaDH95454@test.mail.com,active
732,蘇美霞,OtPju59024@example.com,active
733,孫佩玲,RRbKj72348@im.mail.com,deleted
734,彭美琪,XHXOr79433@test.mail.com,active
735,林秀芳,RASBJ60879@csie.mail.com,active
736,鄭麗萍,PJqtS63756@csie.mail.com,active
737,許建輝,Nwmla67956@im.mail.com,active
738,賴怡伶,pgYIU43754@csie.mail.com,active
739,周智勇,TjLKw62892@im.mail.com,active
740,曾佳蓉,uzNok64394@im.mail.com,active
741,吳志宇,wgWbL68758@im.mail.com,active
742,彭麗華,exMRt70260@example.com,active
743,洪麗萍,vbXaT52537@test.mail.com,active
744,鄭智翔,FENtE40313@random.mail.org,active
745,程怡君,KkxDY88885@test.mail.com,active
746,楊國華,ASCnk64835@im.mail.com,active
747,趙美惠,GkpJS69291@csie.mail.com,deleted
748,魏文豪,eeGeR35862@random.mail.org,deleted
749,賴雅玲,rnMPo75452@random.mail.org,active
750,金志堅,jGniJ50189@random.mail.org,active
751,鄭智勇,trYbb60458@csie.mail.com,deleted
752,岳勝傑,mtQTu87781@test.mail.com,active
753,楊佳玲,KGmiR60363@example.com,active
754,蘇欣儀,JsZCk07915@im.mail.com,active
755,胡俊宏,betTN65475@example.com,active
756,呂美玲,VKPll43599@random.mail.org,active
757,謝志偉,TgbWr10327@im.mail.com,active
758,林靜宜,icwxJ59025@csie.mail.com,active
759,鄭美琳,kecGw36443@csie.mail.com,active
760,許淑華,IrZHW95902@csie.mail.com,deleted
761,范志宇,CfIid68014@test.mail.com,active
762,傅志傑,XmNhr28641@random.mail.org,active
763,程心儀,mGPIl99703@im.mail.com,active
764,魏宜芳,lpJWF55967@example.com,active
765,丁怡靜,NHHNf05556@csie.mail.com,active
766,賴宜萱,IFfPH36306@im.mail.com,deleted
767,洪玉君,kZBoY37212@test.mail.com,active
768,丁國基,sTVrl33568@csie.mail.com,active
769,白建宇,jpHVe53748@random.mail.org,active
770,蘇怡欣,xEIiq13401@test.mail.com,active
771,蘇偉倫,grPFC91027@im.mail.com,active
772,潘書瑋,lhgWp21231@test.mail.com,active
773,張秀玲,klSzv59692@test.mail.com,active
774,曹佳雯,JwaEQ86440@im.mail.com,active
775,洪建銘,MtgHY26233@random.mail.org,active
776,楊志勳,uIWgJ09901@im.mail.com,active
777,劉淑芬,PCAbi17921@random.mail.org,active
778,賴信宏,ZjLnb91456@random.mail.org,active
779,葉俊傑,HNsuN88738@im.mail.com,active
780,周佩玲,AcvIw87118@example.com,active
781,洪志遠,qNbBC23459@test.mail.com,active
782,江國基,npHTC96713@example.com,active
783,胡怡華,esELG16332@example.com,active
784,廖美瑜,MThyE86863@csie.mail.com,deleted
785,林志誠,qdQLf81410@im.mail.com,active
786,周智勇,fVcZg25731@example.com,active
787,楊勝文,fsepN00789@example.com,active
788,宋美琪,NZkVT47768@example.com,active
789,白俊文,yGCro53885@im.mail.com,active
790,金振華,EbXxQ45524@csie.mail.com,deleted
791,邱美玲,yOORh67836@random.mail.org,active
792,沈建志,ncgxp83507@example.com,active
793,程美琪,Qrpco25757@random.mail.org,active
794,江心儀,akHwG58785@im.mail.com,active
795,傅淑慧,uTORm39399@test.mail.com,active
796,曾明樺,BjtWJ49520@csie.mail.com,active
797,劉若瑄,cFdeq08070@random.mail.org,active
798,方美霞,xOZUc67442@csie.mail.com,active
799,呂建志,kYkpb67157@random.mail.org,active
800,楊勝文,XqSOy39682@test.mail.com,active
801,賴思妍,TLGfI15955@example.com,active
802,宋秀芳,apxbf92292@csie.mail.com,active
803,孫國平,hZuvj70141@im.mail.com,banned
804,李玉君,oMizv14347@random.mail.org,active
805,吳智豪,LOXoG57259@im.mail.com,active
806,葉佳玲,JRtpk88593@test.mail.com,active
807,袁宏傑,BohhR22940@csie.mail.com,active
808,馬怡伶,wKEEy64218@csie.mail.com,active
809,呂怡伶,Nhhsd17114@random.mail.org,active
810,劉怡欣,Iyscv01992@random.mail.org,active
811,吳志勳,KpRft59327@random.mail.org,active
812,鍾宜萱,dClgw31732@example.com,banned
813,劉宜芳,qDZqk72921@csie.mail.com,active
814,胡靜宜,PQSDU75058@im.mail.com,active
815,沈志遠,wKEik77835@example.com,active
816,王志威,IKuGt72834@csie.mail.com,active
817,蘇志勳,ZcguY33289@test.mail.com,active
818,金文傑,fQXdp11120@csie.mail.com,active
819,楊志成,sYGhb30670@test.mail.com,active
820,韓宜萱,WOxLS52660@csie.mail.com,active
821,吳美琳,BGLcF91919@example.com,active
822,楊思妍,JYSbj34225@csie.mail.com,active
823,范美惠,elrkM28527@im.mail.com,active
824,丁佩玲,JluBk40242@random.mail.org,active
825,白智勇,gCPLA52743@csie.mail.com,active
826,程文豪,YnRJg05614@random.mail.org,active
827,楊志威,laBYv63068@test.mail.com,active
828,沈建輝,VgzXc43432@test.mail.com,deleted
829,蘇志遠,OIACW05776@im.mail.com,deleted
830,楊志誠,HpCap16333@test.mail.com,active
831,沈國平,pTDWu87565@example.com,active
832,林振華,sBurB43516@csie.mail.com,active
833,江勝文,sGwFh78146@example.com,active
834,林淑芬,xxZhC83249@test.mail.com,active
835,周麗萍,zSymP92340@random.mail.org,active
836,謝志偉,ufYzD54533@im.mail.com,active
837,馬德明,dJPol66923@random.mail.org,active
838,范怡君,HhqAI02681@test.mail.com,active
839,吳欣儀,yvJBs64537@im.mail.com,active
840,彭明杰,vsKJd62383@im.mail.com,deleted
841,賴志威,jEllN23935@test.mail.com,banned
842,岳建國,QhJjf62158@test.mail.com,active
843,曾智翔,MwUlz53618@csie.mail.com,active
844,鄭怡君,GynTH36890@random.mail.org,banned
845,李志成,kAEmy94944@im.mail.com,active
846,葉智翔,esghI30151@example.com,active
847,程國基,ydTMp05559@test.mail.com,active
848,賴偉倫,vtqsh13229@csie.mail.com,active
849,楊志堅,dSNqs12092@random.mail.org,active
850,魏建輝,DKIqk23259@random.mail.org,active
851,周淑華,sgcat46735@csie.mail.com,active
852,潘志明,fBbhJ53377@im.mail.com,active
853,曾俊文,kdxAq70948@example.com,deleted
854,柯怡靜,DtebV51886@example.com,active
855,江志明,ELQiY14733@random.mail.org,active
856,魏勝文,sFvNx90128@random.mail.org,active
857,王偉倫,osqLV07748@test.mail.com,active
858,魏建銘,vwLiC30537@example.com,active
859,魏建輝,QePEh58370@test.mail.com,active
860,周偉倫,haKVE91579@test.mail.com,active
861,黃若瑄,tuAIe86618@example.com,active
862,韓建宇,lqoAD12919@im.mail.com,active
863,胡冠瑋,TfAqN85209@im.mail.com,banned
864,馬俊傑,BnNla93161@test.mail.com,active
865,余建銘,VpIEN60868@csie.mail.com,active
866,彭家豪,sOWEe78520@test.mail.com,active
867,袁智勇,oYfsF25144@im.mail.com,deleted
868,范國平,AAhHO12769@im.mail.com,active
869,許淑慧,mjZiK09503@csie.mail.com,active
870,周欣儀,eaHyj02625@test.mail.com,active
871,蔡秀文,PGAnO15950@test.mail.com,active
872,邱文傑,ZmdEJ29374@random.mail.org,active
873,曾建宇,tobki22043@test.mail.com,active
874,楊建銘,Ikgct11793@csie.mail.com,active
875,吳佳雯,DaAbb93761@im.mail.com,active
876,蔡志華,LsUZm37263@example.com,active
877,曾智豪,HvpJg39395@csie.mail.com,active
878,葉志勇,fReDW73776@example.com,active
879,呂怡欣,extYg06007@random.mail.org,active
880,宋家瑋,Wvllk23731@csie.mail.com,active
881,吳志華,VElYM83859@csie.mail.com,active
882,金勝文,wvNSq25340@csie.mail.com,active
883,蔡怡君,YMhhd94725@csie.mail.com,active
884,周美琪,OdKPd75640@example.com,banned
885,賴國基,fHUtp56639@csie.mail.com,active
886,曹志峰,wEXpO41954@test.mail.com,active
887,鄭欣儀,FVmUr11127@random.mail.org,active
888,張淑珍,jFipF81580@im.mail.com,active
889,許秀芳,GlNyN19785@random.mail.org,active
890,江若瑄,xUcrv25163@csie.mail.com,active
891,田曉婷,bYwao73801@test.mail.com,active
892,馬偉倫,jmwFZ91720@test.mail.com,active
893,岳靜宜,HDyYv81337@im.mail.com,active
894,楊秀英,KPbBW84486@test.mail.com,active
895,潘雅雯,JvclI87712@random.mail.org,active
896,范智勇,KIxui28146@random.mail.org,deleted
897,郭惠美,QgTNG80163@example.com,banned
898,賴淑華,BOPYZ66615@csie.mail.com,active
899,吳怡君,FoBeP38248@test.mail.com,banned
900,鍾冠霖,KKPyu61369@test.mail.com,deleted
901,彭宏傑,XbHJX77330@im.mail.com,active
902,吳建國,kGGeP49973@im.mail.com,active
903,柯曉婷,SwOyh87054@im.mail.com,active
904,田志偉,FItid23290@im.mail.com,active
905,余勝傑,TfVJt86677@random.mail.org,active
906,黃美玲,RwwFs98567@im.mail.com,active
907,傅建志,TejfB44316@test.mail.com,active
908,楊勝文,lMCAy38630@example.com,active
909,江秀英,ybibh41070@csie.mail.com,active
910,孫國基,thSxd72409@test.mail.com,banned
911,陳建銘,DKsUt67207@im.mail.com,active
912,李偉倫,PzsxJ38778@test.mail.com,active
913,洪秀芳,sRpFT87657@random.mail.org,active
914,劉美惠,eLIGX76501@random.mail.org,deleted
915,丁信宏,DlpXd32803@csie.mail.com,active
916,劉信宏,lZDaA85973@test.mail.com,deleted
917,曾志豪,hvyFW83668@test.mail.com,deleted
918,曾婉婷,ebDkf60764@example.com,active
919,魏俊宏,Ibqrg46661@csie.mail.com,active
920,李冠瑋,JFBjG08044@random.mail.org,active
921,葉志峰,aNibc66065@csie.mail.com,active
922,潘麗華,YvCsQ70315@csie.mail.com,active
923,余家瑋,bwLQu42520@im.mail.com,active
924,鍾建銘,rQmil28040@im.mail.com,active
925,陳振華,jTLoo91254@csie.mail.com,active
926,林佳慧,ZeQDu34242@csie.mail.com,active
927,余志成,ZiQLf21514@im.mail.com,active
928,蔡志誠,oPyLf95117@random.mail.org,active
929,胡志峰,WJQoP56305@csie.mail.com,active
930,許怡靜,FrpSM52003@im.mail.com,active
931,彭建銘,GLzuo17540@example.com,active
932,孫冠宇,IHbiD79891@test.mail.com,active
933,李佳慧,OPSfu02669@example.com,active
934,余明杰,cwrJq37362@csie.mail.com,active
935,彭淑芬,PvCxv39039@example.com,active
936,趙國平,CoxZR33559@random.mail.org,active
937,鄭宏志,xBRtu27664@example.com,active
938,蘇若瑄,BZChM16007@test.mail.com,active
939,邱智勇,SfJVw05890@csie.mail.com,active
940,白淑慧,IhNoq67545@test.mail.com,active
941,魏志遠,fEUdN21843@example.com,deleted
942,孫志威,qaeoH68390@example.com,active
943,王雅玲,SdjLZ26119@test.mail.com,active
944,呂麗華,kzEec39417@example.com,active
945,張冠宇,JBBtH47146@csie.mail.com,active
946,呂建輝,JGkTG79326@example.com,active
947,宋明樺,crwZS06560@im.mail.com,active
948,田書瑋,rcjmy43556@im.mail.com,active
949,劉信宏,ONWmo15585@example.com,active
950,韓心儀,iLmxb04579@test.mail.com,active
951,曾曉婷,LOgXq95596@example.com,active
952,洪雅萍,GWWpn87952@test.mail.com,deleted
953,黃宏志,eLGFL69613@csie.mail.com,active
954,魏建宇,RwnRa72728@csie.mail.com,active
955,楊玉君,pZBOb21829@im.mail.com,active
956,黃建國,eVsYV96756@random.mail.org,active
957,孫家豪,dNljQ62250@test.mail.com,banned
958,余志遠,wfIsQ57924@example.com,active
959,沈美琳,evBQL21443@csie.mail.com,active
960,曾國基,jqlwc09782@example.com,active
961,鍾志豪,pkGSq44164@example.com,active
962,邱志偉,hYwEs25691@im.mail.com,active
963,魏雅婷,FykZP66146@im.mail.com,active
964,鄭志勳,vUyok88822@test.mail.com,active
965,廖淑芬,uXVjB21731@example.com,deleted
966,鍾佳玲,SCbwy28449@random.mail.org,active
967,楊雅雯,sqQRv55109@random.mail.org,active
968,余玉芬,rABiT01246@im.mail.com,active
969,魏建輝,WeGFd01918@example.com,active
970,許建宇,mrKWY89922@example.com,active
971,馬志新,lkhMU33262@random.mail.org,active
972,邱智翔,zBXLo18200@test.mail.com,active
973,許建志,HddaE81591@random.mail.org,active
974,白志勇,ZPzxx46546@test.mail.com,active
975,李冠宇,PiJxC90900@random.mail.org,active
976,廖怡華,LmHiz19080@test.mail.com,active
977,余淑珍,oBztD04947@random.mail.org,active
978,賴佳雯,KvaCl87568@im.mail.com,active
979,程志勳,arlFc58813@csie.mail.com,active
980,金思穎,mDmoA01223@random.mail.org,active
981,王佳雯,Lsvxw64746@im.mail.com,active
982,郭美惠,pTbcc88281@example.com,active
983,韓勝文,kKHrN16361@test.mail.com,active
984,謝建宇,fLyJV34347@random.mail.org,active
985,傅志成,STiLK37012@random.mail.org,active
986,楊文豪,kvweP18781@random.mail.org,active
987,柯志誠,CBaLC25227@im.mail.com,active
988,彭嘉豪,IxorF46772@random.mail.org,active
989,鄭志新,ABicS02821@test.mail.com,active
990,周怡靜,imnof92537@csie.mail.com,active
991,許麗芬,mmERJ39037@random.mail.org,active
992,金德明,VMdbQ56166@test.mail.com,active
993,蘇曉婷,YpXqv16689@csie.mail.com,active
994,孫惠美,kykeZ29784@test.mail.com,active
995,沈德明,IfBez42356@test.mail.com,active
996,廖明樺,EBFNx64822@example.com,active
997,邱雅文,yUVSM75926@csie.mail.com,active
998,丁玉芬,gNPwZ07470@csie.mail.com,active
999,馬佳蓉,FVSLf86503@test.mail.com,active
1000,岳振華,Bpvwy18989@random.mail.org,deleted
